元ネタURL,使用日,テーマ
https://x.com/chigusasoichi/status/2090319355695534447,2026-08-23,cow/beefとノルマン征服の語源
https://x.com/miku_monmon3939/status/2091300779781239092,2026-08-23,たけのこの節の数と竹の成長速度
https://x.com/mika_kuramoto/status/2091377702985163079,2026-08-24,合流式下水道と昭和45年の分流式転換
https://x.com/tanaka_kuu/status/2090952677350121480,2026-08-24,閑話休題の逆用と語源
https://x.com/yubais/status/2091694455876137308,2026-08-24,フランケンシュタインは博士ですらない/原作に博士の語なし
https://x.com/tamaki1987/status/2091497145090420848,2026-08-25,赤魚の正体アラスカメヌケとメヌケの由来
https://x.com/galileo_fun/status/2090543403964535242,2026-08-25,緑色の哺乳類がいない理由（毛の色素と藻）
https://x.com/goho___/status/2088119424389956029,2026-08-25,桜梅桃李の四種は同じバラ科サクラ属（アーモンドも同属）
https://x.com/tohli/status/2091936846932975616,2026-08-26,焼き餅の砂糖醤油は西日本/シュガーロードと砂糖の値段
https://x.com/ikkosha_info/status/2092083291042017300,2026-08-26,おざなり(柳多留1811)となおざり(後撰和歌集951頃)の初出860年差
https://x.com/monthly_shota/status/2092475324365918296,2026-08-26,Jr.とIIの違い/Sr.は後付け・ゲイツ父子はII/III
https://x.com/KotoLaboRyo/status/2092529611821432937,2026-08-27,ミジンコとみじん切りの語源は同じ「微塵」（倶舎論・極微7つ／ミジンコは2mmの甲殻類）
https://x.com/KotoLaboRyo/status/2092467700958265769,2026-08-27,ミジンコとみじん切りは同語源(微塵)/微塵は極微7個分
https://x.com/shahexorshid/status/2091847694184751395,2026-08-27,語頭にラ行が立たない(アルタイ諸語と共通)/濁音も同様いばら→バラ・いだく→抱く/朝鮮語の頭音法則で李が南イ北リ
https://x.com/Shinobu_FF14/status/2092539459690594504,2026-08-27,土方の読み(ひぢ=泥の古語)/平安表記は土形・掛川発祥/どかたの辞書初出1890年露小袖
https://x.com/managesan/status/2092718970402914787,2026-08-28,各国の名字1位ランキング→グエン集中の理由(王朝交代のたび敗者側が改名/皇帝姓を騙るのは重罪)・韓国上位3姓44.6%(2015国勢調査)・日本は名字10万種超で中国4700種(笹原宏之)
https://x.com/tokei389950/status/2092902626941964343,2026-08-28,光くしゃみ反射(ACHOO症候群)/日本3.2%に対し中国25.6%・米32.4%で海外は多数派/常染色体優性遺伝で子に50%/ベーコンが閉眼実験で熱でなく光と特定
https://x.com/tenkijp/status/2093096275222942061,2026-08-28,スタージョンムーン(8月満月の別名)/チョウザメはサメでなく硬骨魚・寿命150年・1.5億年前から姿ほぼ不変(USFWS)/8月満月の呼び名は部族ごとに複数(Corn Moon等)・元は満月でなくひと月全体を指した(Old Farmer's Almanac)
https://x.com/umop_aplsbn/status/2093097814314410148,2026-08-29,ろくでなしの語源=建築の「陸(ろく)」=水平/「碌」は当て字で本義は石がごろごろ・陸の呉音がロク(漢音リク)/陸屋根・陸墨は現役の建築用語、でこぼこは「不陸(ふろく)」
https://x.com/Shinobu_FF14/status/2092530807567233219,2026-08-29,兵馬俑は元は全身極彩色/下地の生漆が乾き縮んで出土後早ければ数分で彩色が剥落(Chemistry World・TUM)/使われた漢紫(中国紫)はBaCuSi2O6の人工合成顔料で自然界に存在せず19世紀以前の人工顔料はごく僅か(SLAC SSRL)・道教のバリウムガラス副産物説
https://x.com/nikutaberuru/status/2093492078156435500,2026-08-29,加齢臭の原因物質2-ノネナール/同一物質がそばの香気成分・ビール劣化臭(濡れ段ボール、閾値約0.03µg/L)としても既知(Oxford Companion to Beer・Brewing Forward)/Haze et al. JID 2001で40歳以上のみ検出・ω7不飽和脂肪酸の酸化分解由来/「加齢臭」は1999年に資生堂が命名した造語・元ネタの「生殖性低下を知らせる機能」説は裏付けなし
https://x.com/awkwardgoogle/status/2092991778177855539,2026-08-30,竹馬の映像を「ライオン避けの部族」と誤紹介→実体は仏ランド地方の羊飼い(tchangues=長い脚/高さ90-120cm)/3本目の棒＋板で腰掛け、立ったまま毛糸を編んだ(Popular Science Monthly 1892)/1808年ジョゼフィーヌのバイヨンヌ訪問で速歩の馬車に並走/1891年アルカションのパン職人Sylvain Dornonがパリ→モスクワ2875kmを竹馬58日で踏破/1857年6月19日の landes 排水・植林法で沼が消え羊とともに廃れた
https://x.com/arexsan0910/status/2093524942898008099,2026-08-30,ローマ字でwye/wheと打つと「ゑ」が出る(wi/weは「うぃ/うぇ」に占有・MS-IME 2010ローマ字表)/ゑは元々[we]の別音で鎌倉期に混同が進み13世紀にえと統合/1946年11月16日の内閣告示「現代かなづかい」で日常表記から除外・固有名詞では存続/ヱビスがYEBISUなのは別系統で16世紀に宣教師が「え」をYEと写した名残(サッポロビール公式FAQ・明治23年発売)
https://x.com/ap_kokura/status/2093553963394760998,2026-08-30,USB3.0はゆっくり差すと2.0で認識される/Standard-AのSuperSpeed用5ピンはUSB2.0の4ピンより奥に配置され後から接触(Wikipedia USB 3.0・USB-IF)/SuperSpeedはUSB2.0と物理的に別チャネル＝1本のケーブルに計9本の線で2つのバスが同居/LTSSMでRx.Detect→Pollingに失敗するとSS側が使われずUSB2.0のみで動作(xillybus)/同じ現象がSDのUHS-IIでも起き2列目ピンが繋がらないとUHS-I(104MB/s)止まり、UHS-IIは312MB/s半二重(SD Association)/USB3.0の青(Pantone 300C)は規格上「推奨」であって必須ではない
https://x.com/yukithewhistler/status/2092903208306020771,2026-08-30,口笛の重音バズ→口笛言語シルボ・ゴメロ(カナリア諸島ラ・ゴメラ島)/スペイン語を母音2-4・子音4-10に圧縮し谷越え最大5km届く(Wikipedia Silbo Gomero)/1997年議会承認・1999年7月から島の小中学校で必修、2009年UNESCO無形文化遺産(ich.unesco.org)/Carreiras et al. Nature 2005(silbador5名+非話者5名のfMRI)で使い手は左後部側頭頭頂+前頭前運動野など言語野が反応、非話者は言語野が反応せず=脳にとって本当に言語/口笛の発音原理はヘルムホルツ共鳴で管の長さでなく口腔容積と舌位置で音程が決まる
https://x.com/csa_vc/status/2093277629050974572,2026-08-31,ベアリング知名度ネタ→世界最古のスラスト玉軸受はカリグラ帝のネミ船(1世紀AD/1928-32引揚)/青銅製Cu83.32%-Sn13.20%-Pb3.38%・16個出土・中央球体＋両端ピンで旋盤痕あり(SCIRP 2019)/従来レオナルド・ダヴィンチ(15世紀)に帰属されていた最古例を約1400年前倒し(Wikipedia Nemi ships)/もう一隻は円筒ころ軸受・回転台は像の展示台かデッキクレーン説/船は1944年5月31日夜に博物館ごと焼失、2023年Altamura&Paolucci研究で連合軍砲撃が原因と結論・青銅部品のみ残存/現代のJIS B1501鋼球G3級は真球度0.08µm・表面粗さ0.010µm(佐藤鉄工)
https://x.com/nire023/status/2094044661908377735,2026-08-31,小鳥遊(たかなし)の絵解きバズ→実在数は全国およそ30人・全国順位59,076位(名字由来net)でほぼ全員が和歌山県東牟婁郡那智勝浦町に集中(日本姓氏語源辞典/天満・勝浦に各約10人)/由来の順序が逆で先にあったのは「高梨」、清和源氏井上氏流・信濃国高井郡高梨邑の高梨盛光の系統から転化した当て字(名字由来net)・江戸期以前は分家や移住の際に漢字を変えるのが自由だった(森岡浩/家庭画報)/同じ「〜梨(なし)」を「〜無し」と絵解きする型が月見里(やまなし=山梨の異形、約300人・静岡市に約110人)にもある
https://x.com/fuji_ai_/status/2092964305633411073,2026-08-31,ジャパネット高田明が値下げでなく生産者の手作業映像で売るバズ→労働の可視化(labor illusion)はBuell&Norton, Management Science 57(9):1564-1579(2011)で実証/実験2では検索過程を見せると即答より60秒待つ方を63%(30秒は62%)が選択、非表示だと60秒待ちを選ぶのは23%まで落ちる/実験1(n=266)は航空会社名を出す透明性で知覚価値5.36 vs 進捗バーのみ4.96(p<0.01)/実験4は探索先3件の低労力条件では透明化の優位が消え36件の高労力条件でのみ有意(p<0.05)=見せかけの手間は効かない
https://x.com/mhl_bluewind/status/2094205760003801153,2026-09-01,北米北部にミミズがいない(氷期に絶滅)バズ→現在いるのは全部が非在来種でミネソタだけで欧州・アジア由来約15種・在来種ゼロ(Minnesota DNR/USFWS)/自力の拡散は年約5m=100年で0.8km未満、現在の分布はほぼ全て人為的で釣り餌の残りと鉢植えの土が主経路(U.Minnesota Worm Watch/MN DNR)/侵入後は落ち葉層(duff)が食い尽くされ、ミネソタの砂質ローム広葉樹林では約10年で森林の有機層がほぼ完全消失・サトウカエデの衰退と稚樹の更新阻害に関連(USDA Climate Hubs Northern Forests)/ミネソタでは非在来種の意図的放逐は違法
https://x.com/livedoornews/status/2092215848761278691,2026-09-01,生活道路の法定速度が9/1から60→30km/hに引き下げバズ→対象の判定は道幅ではなく「中央線・中央分離帯・車両通行帯が設けられていない道路」であり標識や標示で最高速度が指定されている道路はその指定速度が優先＝30に変わるのは中央線も標識も無い道だけ(警察庁リーフレット/警察庁 生活道路特設ページ)/引き下げの根拠は対歩行者事故の致死率で衝突速度30km/hが約10%に対し50km/hでは80%以上(警察庁 速度規制のあり方に関する調査研究WG資料)/車道幅員5.5m未満の道路は事故全体の約24%を占め歩行中・自転車乗用中の死傷者が占める割合は5.5m以上の道路の約1.8倍(警察庁 ゾーン30/ゾーン30プラス概要)/原動機付自転車も30km/h・施行は令和8年9月1日の改正道路交通法施行令・ゾーン30(区域規制)とは別物で今回は標識の無い道の法定速度そのものの変更
https://x.com/oborokmo/status/2094680970360397986,2026-09-01,ダンゴムシが石(炭酸カルシウム)を食べて外骨格を作るバズ→脱皮は二相性(biphasic molt)で後半身を先に脱ぎ1〜2日後に前半身を脱ぐ・その間は前後で色が違うツートンになる(Wright&Ting, ZooKeys 2018 PMC6288263 / Armadillidium vulgare・Porcellio dilatatus)/脱皮前は第1〜4胸節腹板の下に炭酸カルシウムの白い沈着(sternal deposits)が透けて見え、これで脱皮前個体を判別できる=古いクチクラから回収したCaを球状体で一時貯蔵/脱皮殻はPE・AEそれぞれの後2日以内にほとんどの個体が食べてCaを回叞/脱皮前は水蒸気を吸って体積を広げ、A. vulgareは相対湿度100%で脱皮6日前からPEまでに体重+10.31%・脱皮周期12〜13日通算で+5.72%(ピークは1日約3%)
https://x.com/wasanbong/status/2093687993072844957,2026-09-02,公侯伯子男の序列バズ→明治の五爵は叙爵内規(1884)で機械的に決定・侯爵は旧大藩知事の現米15万石以上/伯爵は現米5万石以上(叙爵内規)・徳川御三家は石高と無関係に侯爵枠で現米5万7730石の水戸徳川家も侯爵(Wikipedia 侯爵)・出典は『礼記』王制「王者之制禄爵、公侯伯子男、凡五等」で周代の中国由来・1884年7月7-8日の最初の叙爵は504家、1947年5月3日の日本国憲法14条2項「華族その他の貴族の制度は、これを認めない」で廃止・公爵と侯爵は同音のため侯爵は俗に「そうろうこうしゃく」と呼び分けられた・英語の五爵ではearlのみ古英語eorl(北欧jarl同源)の土着語で他はノルマン仏語由来、女性形は作られずcountessを流用(en.wikipedia Earl)
https://x.com/Guarana_KIRIN/status/2093959316633276448,2026-09-02,札幌市民は地下をウロウロするので地上に人が写らない写真が撮れるバズ→駅前通の歩行者は地上・地下合計で開通前H22の約3.7万人/日から開通9年後R1に約9.0万人/日へ約2.4倍・R2コロナ下でも7.1万人/日(札幌市 整備効果/北海道開発局 チカホ開通10周年資料、毎年9月の平日1日9-20時11時間計測)/同期間に札幌駅前通の地価が2.2倍に上昇(札幌市)=「人が少ない」のは人出が減ったのではなく地下へ移動しただけ/チ・カ・ホは実延長520m(総延長680m)・幅員は歩行空間12m＋地下広場4m×2で2011年3月12日供用開始、法的には道路法上の道路(札幌駅側=北海道道18号札幌停車場線区間を市が、大通側=国道36号区間を北海道開発局が管理)であり道路上に広場を置くため条例を制定・指定管理は札幌駅前通まちづくり株式会社/通行可能時間は5:45〜24:30で24時間ではない・地下鉄コンコースと繋がりすすきの駅まで約1,900mがほぼ直線
https://x.com/fromsekaowa/status/2094987709727338901,2026-09-02,引用:「おささってる」という言葉を初めて知ったバズ(Fukase/SEKAI NO OWARI・12,540いいね)→北海道方言の助動詞「さる/ささる」は五段動詞は未然形+さる・上一段/下一段は未然形+らさる(Wikipedia 北海道方言)・意味は「進んでそうしようと思っていないが状況が自動的にそうしてしまう」自発で道具を主語に据える中間構文の性質も持つ/否定形にすると意味が反転し肯定「押ささる=意図せず押してしまった」に対し否定「書かさらない=書こうとしてもインクが出ず書けない」「窓が開かさんない=凍っていて開けられない」となる・肯定否定どちらにも「悪いのは対象物であって自分ではない」という責任回避のニュアンスが組み込まれている(hokkaidofan)/共通語の「〜れる/〜られる」とは適用範囲が一致せず置換不能・共通語に対応形式が存在しない/言語学では「逆使役(anti-causative)構文」と呼ばれ井上拓也(京都大学院)「北海道方言における『逆使役構文』に関する認知的考察」、林由華(国立国語研究所/日本学術振興会)「日本の諸方言における『逆使役』―通方言的研究に向けて―」、氏家啓吾(東京大学言語学論集)等の研究がある/分布は北海道のほか青森県・静岡県でも使用(ねとらぼ)・秀舞子「北海道方言における自発の助動詞サルの使用実態―主に世代差・男女差について―」で世代差男女差が調査されている
https://x.com/miwakovamp/status/2094757831580811589,2026-09-02,「那須の与一の那須です」式の字の説明バズ→国が定めた公式の通話表が実在し無線局運用規則(昭和25年11月30日電波監理委員会規則第17号)第14条3項・別表第五号で海上/航空移動業務の無線電話では使用が義務(和文通話表)/中身は朝日のア・いろはのイ・上野のウ・英語のエ・大阪のオ…おしまいのン/濁音半濁音は「はがきのハに濁点」「はがきのハに半濁点」と送る・0は「数字のまる」・4と7は「よん」「なな」/昭和25年制定時の表記のまま更新されておらず促音が大書きの「マツチのマ」・現代語では使わない「るすいのル」・現代かなづかいで日常表記から外れた「ゐどのヰ」「ゑのヱ」も現役で残る/欧文通話表(Alfa Bravo Charlie)は英字部分が国際共通で数字部分のみ海上移動業務と航空移動業務で分かれる
https://x.com/asahicom/status/2094643969057857768,2026-09-03,スーパーの卵から孵したウズラのバズ→孵るのはうずらだけで市販の鶏卵は原理的に孵らない・採卵鶏舎は雌のみで飼養され産まれる卵は全て無精卵(家畜改良センター岡崎牧場「有精卵と無精卵」)・雄と同居させる場合の理想比は雄1:雌10〜15/有精卵の胚は黄身の上の直径3〜4mmの白い輪(胚盤)で無精卵よりハッキリ大きく、検卵は加温10日目頃・殻が赤い卵は12〜14日頃が見分けやすい(同)/孵化させて飼うと家畜伝染病予防法上の家畜所有者になり、うずらは対象家畜(鶏・あひる・うずら・きじ・エミュー・だちょう・ほろほろ鳥・七面鳥)で1羽以上から飼養衛生管理基準の遵守義務・毎年2月1日時点の飼養状況を6月15日までに都道府県へ定期報告する義務がある(法12条の3第1項/12条の4、農水省・東京都産業労働局)・農水省は「飼養する目的(学術、教育、愛玩、展示等)を問わず報告の必要があります」と明記＝ペットで1羽でも対象/小規模所有者の区分は家きん100羽未満/うずらの産卵率は280日齢(約10ヶ月齢)まで80〜90%・50%産卵日齢は約50日・愛知県が全国シェア60%台で豊橋市が県内の7〜8割(農水省 うずら飼養実態報告書 airepo-2.pdf)
https://x.com/NazologyInfo/status/2095122567380234739,2026-09-03,引用:「超オス」放流開始から6年で外来ブルックトラウトのメス根絶に成功のバズ(ナゾロジー・11,912いいね)→元投稿は「Y染色体を2本持つので子はオスだけ」までしか触れておらずYY個体の作り方が未言及/作り方は若いオス(XY)にエストラジオール入りの餌を与えて「卵を産むオス」に転換し通常のXYオスと交配するとXX:XY:YY=1:2:1で4分の1がYYになる(WAFWA/Colorado Parks & Wildlife「Trojan Male (YY) Brook Trout」ファクトシート)/生まれたYYの一部を再びエストラジオールで卵を産む個体にし、卵を産むYYと精子を作るYYの両系統を親魚として孵化場で維持する(同)/YY親魚の子は稔性がありYYオスが野生のメスと交配すると子は全てXYオス・X染色体を持たないためメスが一切生まれない(同)/遺伝子組換えではなくアイダホ州魚類野生生物局(IDFG)は"YY-male brook trout are produced through careful selective breeding and does not use any genetic modifications"と明記(IDFG blog 2021-08)/理論の元はTrojan Y Chromosome(TYC)モデルでGutierrez & Teem (2006) J.Theor.Biol.、河川樹状ネットワークへの拡張はJ.Math.Biol.(2011, PMID 21373803)
https://x.com/DB_Daijiro/status/2095139150098034983,2026-09-03,世界の七面鳥の名前が8カ国で全部よその国名バズ→英語turkeyは元々アフリカ産ホロホロ鳥の呼び名でトルコ経由(Ottoman領)で欧州に輸入されたことに由来し北米の別種に外見が似ていたため名前ごと転用された(en.wikipedia Turkey(bird)/National Geographic Fowl Play)/転用の起点はポルトガル商人が産地を意図的に曖昧にした交易でアメリカ産七面鳥とアフリカ産ホロホロ鳥がほぼ同時期に欧州着したこと(National Geographic)/英語での定着は1600年代初頭・1550年にWilliam Stricklandが"turkey-cock in his pride proper"の紋章を授与されシェイクスピア『十二夜』(1601-02)で既に説明抜きで使われている(en.wikipedia)/学名Meleagris gallopavoのMeleagrisは古代ギリシャ語μελεαγριςで意味は「ホロホロ鳥」＝リンネが1758年『自然の体系』第10版で属を設立した時点の混同が学名に化石として残存(en.wikipedia)/各言語の呼称は仏dinde(d'Inde=インドの鶏)・蘭kalkoen(カリカット鶏)・露indjushka・土hindi(インドの)・レバント方言アラビア語dik habash(エチオピアの鶏)・マレーayam belanda(オランダの鶏)・クメールmoan barang(フランスの鶏)・アルバニアgjel deti(海の雄鶏)・葡peru・ペルシャbooghalamoon(擬音)(National Geographic/Slate 2014-11)/インドの呼称は逆輸入でヒンディー語टर्की(tarki)＝英語turkeyそのもの(Slate)/ナワトル語huehxolotl(西guajolote)が現代メキシコでも併用(en.wikipedia)/和名「七面鳥」だけは産地由来ではなく頭から首の露出した皮膚が赤青紫に変色し七つの顔を持つように見えることから(語源由来辞典)＝実際の原産は北米
https://x.com/kaeruZangyo/status/2095089592504627612,2026-09-03,引用:カニの「ふんどし」が三角でも丸でもカニというネタ投稿(@kaeruZangyo 約18500いいね)→ふんどし(腹部)が三角形なのが雄・丸いのが雌で他のカニでも同様に判別できる(東京都 葛西臨海水族園 公式)/ただし丸ければ雌とは限らない: 寄生性フジツボであるフクロムシ(根頭上目Rhizocephala 鞘甲亜綱・蔓脚下綱に属しフジツボと同じ仲間の甲殻類)に寄生された雄ガニは「ハサミが小型化するとともにフンドシ部分が広がり 形態の疑似雌化が起こる」・「一見して ほとんど雌に見えるまでフンドシが平がった個体も見られるが その場合でもペニスは存在するので 寄生雄が完全に雌化しているわけではない」(岡野桂樹 秋田県立大学「寄生性フジツボ(フクロムシ)の生物学」化学と生物 60巻9号 459-466頁 2022年9月)/寄生により生殖腺が抑制される現象は寄生去勢と呼ばれ卵巣の極端な萎縮が起こる・エクステルナ(体外に露出した寄生虫の卵塊)がある間は脱皮が起こらず脱落して次のバージンエクステルナ出現直前に脱皮する(同)/寄生カニは雌雄を問わずエクステルナを自分の卵塊と誤認して汚れをとり酸素を送り幼生の孵出を助ける「フラップ行動」を行う(同)
https://x.com/PrettyPinkyFF14/status/2094975891990544713,2026-09-03,散歩中に見た「尻尾がゲーミングなトカゲ」バズ(@PrettyPinkyFF14 約6450いいね・写真と「何これ」のみで解説なし)→青は色素ではなく構造色でイリドフォア内のグアニン由来結晶が青波長を反射(JEB 228(8) jeb249623 2025 "The integrative biology of decoy coloration in lizards")/青い尾は「狙わせるための囮」でクレイモデル実験(青い尾24体 vs 全身茶24体・7日間)では青い尾モデルは尾を攻撃される頻度が有意に高く(P<0.001)、全身茶モデルは頭と胴を攻撃された(P=0.019)/さらに青い尾モデルは襲われるまでが早く(P=0.001)攻撃回数も多い(P=0.007)＝目立つリスクを引き受けて急所から攻撃を逸らす"risky-decoy"仮説(Bateman et al., Current Zoology 60(3):333, 2014 "Bite me: blue tails as a risky-decoy defense tactic for lizards")/ニホントカゲは自切した尾を再生するが再生尾には椎骨が無く軟骨で支えられ元より短くなる・オスは生後2年で成熟し体色が褐色に変わるがメスは幼体の縦縞を残すことが多い(Wikipedia ニホントカゲ)
https://x.com/Yakei_project/status/2095121439582302437,2026-09-04,「丸亀製麺は丸亀市発祥ではない」等の名前と実態のズレバズ(@Yakei_project 約3,800いいね・「発祥ではない」までしか触れず)→運営は株式会社丸亀製麺(トリドールHD傘下)で1号店は2000年11月開店の「丸亀製麺加古川店」＝兵庫県加古川市(Wikipedia 丸亀製麺)・創業者粟田貴也は兵庫県神戸市生まれで1985年8月に加古川市で焼鳥店「トリドール三番館」を創業したのが源流＝うどんチェーンだが社名の由来は鳥(Wikipedia 粟田貴也)/店名の由来は諸説あり「父の故郷の丸亀と長寿の象徴の鶴亀の亀に丸というのが縁起がいい」(Wikipedia 粟田貴也)とする一方、丸亀製麺の項では「実父が香川県坂出市の出身」と記述が食い違うため断定を避けた/核心は香川県丸亀市に店舗が1店も無いこと: 「過去には3店舗が出店したものの撤退を余儀なくされた。そして香川県進出から20年近く経過したいまも、丸亀市での出店は叶わず」「県内も1店舗のみにとどまっている」(PRESIDENT Online 2025年 丸亀うどん祭り記事)＝県内唯一の店は高松市(Wikipedia 2022年7月時点でも高松1店のみ)/2025年11月21-22日に丸亀市・トリドールHD・丸亀製麺の共同開催で「丸亀うどん祭り2025」を実施し全国から200人超の社員を集結させたが「会場で自社のうどんは一杯も売られていない」＝地元店だけを出店させた(PRESIDENT Online)/※同ネタ元の「広島焼き」「神戸電子専門学校」部分は未使用
https://x.com/ceciarmy/status/2095436426921808143,2026-09-04,引用:「1989年、ペリカンが毎日日本の保育園に通い子どもたちと過ごした」というスペイン語のバズ投稿(@ceciarmy 約141,000いいね・動画付き。名前も場所も年齢も一切触れず「日本のある保育園」までしか書いていない)→このペリカンはモモイロペリカンの「カッタくん」で山口県宇部市のときわ公園(常盤公園)生まれ・1985年7月15日生-2008年7月16日没=誕生日の翌日に23歳(人間でいう約40歳)で死亡(Wikipedia カッタくん/ときわ動物園公式)/名前の由来は「両親のふるさとであるインドのカルカッタにちなんで名付けられた」(Wikipedia)・ときわ公園公式も「故郷のインド・カルカッタにちなんで」と記載/通った先は保育園ではなく私立明光幼稚園(Wikipedia)で公園から800m離れており空から自力で通園していた(ときわ動物園公式)/園児と一緒に音楽に合わせて踊り、鏡に映った自分に求愛のポーズをとった(ときわ動物園公式)/園舎の建て替え工事の時期は先生と園児を見つけて一緒に歩いて通園した(ときわ動物園公式)←今回本文で使った核心/1989年に日本動物愛護協会より表彰(ときわ動物園公式)/1995年7月15日、市民の募金によりアニメ映画「カッタ君物語」が制作され全国上映(Wikipedia/ときわ動物園公式)
https://x.com/H_Y_per/status/2095371238776701055,2026-09-04,鉄筋コンクリートは鉄とコンクリートの線膨張係数がほぼ同じで弱点を補い合うバズ(@H_Y_per 約16,785いいね・派生元は@Aworker6「建築学生に聞いた推しカプ1位 鉄筋×コンクリート」約6,707いいね。両者とも線膨張係数と圧縮/引張の補完までしか触れず防錆機構に未言及)→今回の核心はそこではなく防錆: コンクリートは細孔溶液がpH12〜13の強アルカリで鉄筋表面に不動態皮膜(酸化被膜)を形成し腐食を止めている(一般社団法人コンクリートメンテナンス協会「中性化とは」/CMC)/空気中の二酸化炭素がCa(OH)2と反応して中性化が進みpH11以下になると不動態皮膜が破壊され鉄筋が腐食を開始する・実務では「中性化残り10mm以下」を腐食開始の判定基準とする(j-cma.jp)/錆びた鉄は体積が約2.5倍に膨張しかぶりコンクリートを内側から押し割る=ひび割れ・剥離(爆裂)(CMC「鋼材(鉄筋)の腐食によるコンクリートのひび割れ」)・塩害側の閾値は塩化物イオン量1.2kg/m3/コンクリートの熱膨張係数は骨材依存で一定ではなくケイ酸質骨材(チャート・珪岩)は2.5〜3.6×10-6/℃、純石灰岩・玄武岩・花崗岩・片麻岩は0.7〜2.5×10-6/℃と幅がある=「ほぼ同じ」は骨材次第の平均的一致(Penn State CE584)/※未使用の残り: 発明者は庭師のジョセフ・モニエで1867年7月16日に取得した最初の特許は建築物ではなく園芸用の鉄筋トラフ(植木鉢)、以後1868年パイプ・1869年壁パネル・1873年橋・1878年枕木と拡張(en.wikipedia Joseph Monier)
https://x.com/Toraja_Mame/status/2094974503545938207,2026-09-04,引用:「しけってる」は方言なのか・漢字は「湿気てる」なのかという疑問バズ(@Toraja_Mame・59701いいね/2026-09-02 11:23 JST投稿)→海が荒れる「時化る」と煎餅が「湿気る」は同源で「時化」は当て字・名詞「しけ」は動詞「時化る」の連用形(語源由来辞典 https://gogen-yurai.jp/shike/ )/最古の語義は「空が曇る」で『日葡辞書』に「天気が曇る」とある(語源由来辞典)/精選版日本国語大辞典は7義を立て 空が曇る→風雨で海が荒れる→不景気になる/ふところが乏しくなる→生気がなくなる/しょげる(=「しけた顔」)→失敗する→こもる→湿気を帯びる と拡張(kotobank https://kotobank.jp/word/%E6%99%82%E5%8C%96%E3%82%8B-518428 )/デジタル大辞泉は「風雨が強く海が荒れる・不漁になる」「金回りが悪くなる・けちけちする」「気持ちが落ち込む・しょげる」の3義(同)/未使用の種:「しっける」は「しける」からの変化で新明解国語辞典は東京方言と注記・下一段活用「しけている」と五段活用「しけっている」が並存(日経校閲)
https://x.com/fujimi_gaoka/status/2095408230579249260,2026-09-04,マクドナルドの番号札に技適マークがあるバズ(@fujimi_gaoka 約6,781いいね/2026-09-03 16:07 JST・「電波が出てるから技適マークがある」までしか触れず中身も図案も未言及)→今回の核心は技適マークの図案そのもので、直径5mm以上(体積100cc以下の無線設備は3mm以上)の丸の中に「稲妻型の電波」と「郵便マーク(〒)」をかたどった意匠が入っている(ケータイ Watch[ケータイ用語の基礎知識]第466回 https://k-tai.watch.impress.co.jp/docs/column/keyword/366209.html )・e-Wordsも「アルファベットの『e』の下側の膨らみの中に『〒』マークが入ったデザイン」と記述(e-words.jp)＝2媒体で〒の混入を確認/技術基準適合証明制度の開始は1981年(昭和56年)11月・現行の技適マークは1995年4月から使用され同時期以降は筐体印刷やラベル貼付でなくディスプレイ表示(電子的表示)も可(Wikipedia 技適マーク)/根拠は電波法第4条第2号・第38条の23・罰則は電波法第110条第1号/番号札の実体はRFIDの受動タグではなくBLE(Bluetooth Low Energy)の能動発信機で、搭載モジュールはMicrochip TechnologyのRN4020・相互承認(MRA)による工事設計認証でFCC(米)CE(EU)マークも併記されている(Qiita @ogatomo21 / ogatomo.net 技適番号から特定)/製造はフランスのAcrelec社(2004年設立、2020年からグローリー傘下)でシステム名は「テーブルロケーター」・位置特定はピンポイントではなくエリア単位の把握(RFIDプラス go-v.co.jp)/※未使用の種: 電波行政は2001年の中央省庁再編まで郵政省の所管(本文の落ちで史実としてのみ言及)・座席特定の受信機設置場所と電池仕様はどの調査記事でも未確認のまま
https://x.com/ENJOYBOUSAI/status/2095747610707718154,2026-09-05,山形県民はあけびの皮を食べる・中に肉みそを詰めて焼くバズ(@ENJOYBOUSAI 約5,994いいね/2026-09-04 14:35 JST投稿・「皮がメイン/関東の親戚は中を食べる」までで割合・成分・制度面には未言及)→今回の核心は皮と実の量比で、日本食品標準成分表はあけびを果肉(07001)と果皮(07002)の別食品として収載し、備考欄に「全果に対する割合」を 果皮70%・果肉20%・種子7%・へた3% と明記(文部科学省 日本食品標準成分表 果実類)＝関東が食べている果肉は全果の2割に過ぎない←今回本文と動画のbarsで使った核心/可食部100gあたりの食物繊維総量は果皮3.1gに対し果肉1.1gで約3倍・カリウムも果皮240mgに対し果肉95mgで約2.5倍(食品成分データベース fooddb.mext.go.jp 07001/07002・果物ナビ)/ただしビタミンCは果肉65mgに対し果皮9mgで果肉が約7倍と逆転(同)/農林水産省「うちの郷土料理」山形県の項は「皮の部分を食べるという全国的にも珍しい食文化がある」と記載・料理名は『あけびの味噌詰め焼き／あけびの油焼き』で種を除いた皮にきのこ・みょうが・味噌・砂糖の具を詰めたこ糸で結び蓋をして焼く・苦味は味噌と合わせることで食べやすくなる(maff.go.jp うちの郷土料理 山形県)/※未使用の残り: 栽培の本格化は1970〜80年代で天童市で採取されたあけびが関東で好評を博したことが契機・主産地は村山地域と置賜地域・出荷は8〜10月(maff うちの郷土料理/おいしい山形)
https://x.com/t_r1ng0/status/2095489402722263336,2026-09-05,引用:マンションの上部が階段状に削れている理由を問うバズへのボケ回答(@t_r1ng0 316,336いいね/2026-09-03 21:29 JST投稿・引用元は@twf003 11,595いいね。本文は「将来的に巨大すべり台を設置するため」というボケのみで実際の理由には一切触れていない)→足した一次情報は建築基準法(e-Gov法令検索 325AC0000000201 原文で確認)。第56条の2第1項「冬至日の真太陽時による午前八時から午後四時まで(道の区域内にあつては、午前九時から午後三時まで)」＝日影規制の測定は冬至日の8〜16時、北海道のみ9〜15時。別表第四で敷地境界線から10m以内/10m超の範囲ごとに日影時間の上限(3時間/2時間など、道の区域内は各々短縮)を規定し、平均地盤面からの高さ1.5m(低層)・4mまたは6.5m(中高層等)の水平面で測る。あわせて第56条1項3号(北側斜線)は「隣地境界線までの真北方向の水平距離に一・二五を乗じて」＝磁北ではなく真北基準であることも原文で確認済み(本文には字数の都合で不使用)。公開ポスト https://x.com/gude_aiai/status/2096036932685840765
https://x.com/tintinpapa1/status/2095670499066220798,2026-09-05,関空の建築を引き合いに宮大工の技術を称える投稿(@tintinpapa1 約34,044いいね/2026-09-04 09:29 JST・「なぜ日本人の叡智を関空建築に使えなかったのか」という問いかけのみで沈下の実態・設計思想には一切触れていない)→足した一次情報は関西エアポート公式。(1)1期島の沈下は埋立開始からの累計で17計測点の平均13.61m(2023年12月時点)・年間沈下速度は1990年代初頭の約0.39m/年から2023年には約0.06m/年まで減速(関西エアポート サステナビリティ 海上空港としての技術(3)「計測点の沈下量(1期島)」)。(2)←今回の核心: 第1ターミナルビルの基礎には900本の柱があり、各柱の沈下量が自動計測されていて、不同沈下が出た柱をジャッキで持ち上げ隙間に鉄板を差し込んで高さを揃える。実施は数年に1回(関西エアポート「不同沈下対策-ジャッキアップ」/関西国際空港 産業・技術ページ)。(3)関西国際空港公式サイトは「そもそも沈下することを予測して作られているのです」と明記＝沈下は失敗ではなく設計の前提(kansai-airport.or.jp/sdgs/2)。※未使用の種: 2期島の累計沈下は1期島より大きく年間沈下速度も速い/ジャッキ1台の能力は300トン超・調整用鉄板の厚さは6mmや16mm(いずれも二次情報のため本文不使用)/台風21号後にA滑走路を最大約50cm嵩上げ。公開ポスト https://x.com/gude_aiai/status/2096086353595314604
https://x.com/bekibaki/status/2095749633276617116,2026-09-05,引用:「犬が他者と仲よくする原因の遺伝子はもう判明している」という伝聞に感動したバズ(@bekibaki 93,860いいね/2026-09-04 14:43 JST投稿・本文は「本当か知らんけど」と留保付きで遺伝子名・染色体・研究名に一切触れていない)→足した一次情報は vonHoldt et al., Science Advances 2017 (PMID 28776031 / PMC5517105)。(1)イヌ第6染色体の5Mb領域が家畜化で正の選択を受けており、その中の GTF2I と GTF2IRD1 の構造変異が極端な社会性(hypersociability)と関連。ヒトでは同領域の欠失がウィリアムズ・ボイレン症候群(WBS)にあたる。(2)変異の実体は SINE/LINE(レトロトランスポゾン)の挿入。GTF2I の Cfa6.66 は ABS p=2.33e-4 / SIS p=1.67e-3 で複数の社会性指標と有意に関連。(3)パズルボックス課題では人が同席する条件でオオカミ10頭中8頭が成功、イヌは18頭中2頭のみ。イヌは箱を見ている時間・解こうとしている時間の割合がオオカミより有意に短い(本文に採用したのはこの(3)と(1)の遺伝子名のみ)。※WBS(ヒトの疾患)への言及は、人を犬になぞらえる形になるため本文では意図的に外した
https://x.com/fujisobar/status/2096116875445084641,2026-09-05,「名代」の読み方バズ(@fujisobar 名代富士そば公式 約11,432いいね/2026-09-05 15:03 JST・「なだいをめいだいと読んでいた人はいいね」までで他の読みが実在する語であることには一切触れず。同アカ2026-08-19の投稿も「めいだいでもみょうだいでもない」と誤読として並べるのみ)→足した一次情報は精選版日本国語大辞典(kotobank)。(1)「みょうだい」は誤読ではなく実在の別語で語釈は「人の代わりに立つこと、代理を務めること、またその人」・用例は虎明本狂言『乳切木』・文献初出は『中右記』長治二年(1105)8月13日条。(2)←今回の核心: 一方「なだい」(名前が知られていること・評判が高いこと/興行権の名義人)の初出は浮世草子『好色二代男』(1684)で、代理の「みょうだい」のほうが約580年(579年)古い。(3)第三の読み「なしろ」も実在し大化改新以前の皇族の私有部民を指す・諸国の国造の民を割いて設け皇族名を付した・御名代(みなしろ)ともいい646年(大化2年)改新の詔で廃止(デジタル大辞泉/Wikipedia 名代)・辞書上の初出は『書言字考節用集』(1717)。※未使用の種: 「なだい」には江戸歌舞伎で奉行所から興行権の許可を得た名義人の語義もあり夏目漱石『草枕』に用例/名代富士そばの屋号は創業者丹道夫が「富士山の様に立派で有名な立ち食いそば店にしたい」との思いで1972年頃から使用(公式X)/名代・子代は連称されるが関係に不明点が多く「名代」の語は『古事記』のみに見える
https://x.com/yuana_nurse/status/2095884841057218752,2026-09-06,看護師による「公園で転んで抜けた前歯を母親が水道水でごしごし洗いティッシュに包んで持参→戻せなかった」体験談バズ(@yuana_nurse 約22,498いいね/2026-09-04 23:41 JST投稿)。元投稿は「歯根膜という組織がついている/生きていれば戻せる/水で洗うと死ぬ」までで、乾燥時間の閾値・代替保存媒体・専用保存液には一切触れていない。→足した一次情報は(1)StatPearls(NCBI Bookshelf NBK539876 "Avulsed Tooth"): 口腔外乾燥時間が30分未満なら多くの歯は再植可能、歯根膜細胞は30〜60分で不可逆的に損傷、60分超では残存歯根膜が炎症刺激源になるため除去、90分超ではフッ化物浸漬が吸収率を下げうる。同書は牛乳を最も推奨される保存媒体とし理由を「入手性・適切なpH・正常な浸透圧・豊富な栄養と成長因子」と明記、飲料水は"can damage the PDL due to its low osmolality"＝低浸透圧が損傷原因と記述(元ネタの「水で死ぬ」の機序はこれ)。(2)クインテッセンス出版 歯科事典「歯の保存液」: 脱落歯保存用に開発されたティースキーパー「ネオ」(ネオ製薬工業)は塩化カリウム・塩化マグネシウム・塩化カルシウム・硫酸マグネシウム等の無機塩類＋浸透圧調整剤＋糖類で構成され24時間以上の歯根膜組織保存能を有し、溶液自体の保存期間は2年、学校などへの常備が推奨される。←動画のbarsで使った核心は「乾いたまま30分 vs 保存液24時間」。※未使用の種: 再植歯の長期生存率を20%とする研究がある一方で高成功率とする研究もあり数値が割れるため不使用/8020推進財団は卵白・牛乳・生理食塩水・専用保存液を挙げるが数値記載なし。公開ポスト https://x.com/gude_aiai/status/2096346022834278462
https://x.com/ta__ma__ko/status/2096075474212728929,2026-09-06,引用:キッチンスポンジをレンジでチンしても「めちゃ強菌」だけ生き残りコロニー化するのでスポンジは定期交換を、というNHK番組の実験の伝聞バズ(@ta__ma__ko 28,564いいね/2026-09-05 03:18 UTC投稿・それ自体が引用ポスト)→足した一次情報:Cardinale et al. 2017 Scientific Reports 7:5791 (DOI:10.1038/s41598-017-06055-9)。使用済みスポンジ14個/28サンプルの16S解析で362 OTU、共焦点顕微鏡で局所密度5.4×10^10 cells/cm3。飼い主が日常的に煮沸・レンチンで除菌していたスポンジでは、RG2種の Moraxella osloensis と Chryseobacterium hominis の相対存在比が有意に高かった。この M. osloensis は花王 Kubota et al. 2012 (Appl Environ Microbiol) が洗濯物の生乾き臭の主要原因菌と同定した種と同一。論文の結論は除菌ではなく「週1回程度の交換」。不使用:M. osloensis の病原性(RG2)は稀な日和見感染で一般家庭のリスクを煽る根拠にならないため触れず/スポンジ由来の食中毒発生率は今回の論文に数値が無いため不使用。公開ポスト https://x.com/gude_aiai/status/2096399073653756415
https://x.com/YukiguniUchusen/status/2096061347792609352,2026-09-06,カプセルの薬は下を向いて飲むと飲みやすいという絵のバズ(@YukiguniUchusen 約67,505いいね/2026-09-05投稿・絵のみで理由・研究・錠剤との違いには一切触れず)→足した一次情報は(1)Medsafe(ニュージーランド医薬品・医療機器安全機構)"Helping Medicine Capsules Go Down": カプセルはゼラチン殻の中に空気を含むため水より軽く浮く("Capsules are lighter than water and float due to air trapped inside the gelatine shell")、対して錠剤は水より重く浮かない("tablets are heavier than water and do not float")。頭を後ろに倒す通常の飲み方だとカプセルは口の前方の水面に浮いて嚥下に解剖学的に不利な位置に留まる("it will float on the water in the front of the mouth, placing it in the anatomically incorrect location for ease of swallowing")、前傾させると口の奥へ浮いて飲み込みやすい位置に来る←今回の本文と動画cardsで使った核心。(2)Schiele JT et al. "Two Techniques to Make Swallowing Pills Easier" Ann Fam Med 2014;12(6):550-552 (PMC4226776): ドイツ一般成人151名(女性52.3%・平均45.8歳・18-85歳、55.6%が嚥下困難を自覚)の単盲検横断研究。カプセルのlean-forward technique(直立姿勢で頭を前に倒す)は88.6%(31/35)で著明改善、錠剤のpop-bottle method(舌に錠剤を載せPETボトルの口を唇で密閉し一気に吸い込む)は59.7%(169/283)で著明改善←88.6%の数字を本文で使用。著者結論は"should therefore be generally recommended"。※未使用の種: 錠剤のpop-bottle法59.7%という数字/喉の引っかかり感は錠剤で53.7%減・カプセルでは不快感が全員で消失/16種のプラセボ剤形を8段階リッカートで評価させる実験設計/日本薬学会はカプセル基剤をゼラチン(軟カプセルはグリセリンorソルビトール添加)と記載。公開ポスト https://x.com/gude_aiai/status/2096449623560700003
https://x.com/xqwooi/status/2096131510986575952,2026-09-06,"引用:「自分の唾液でむせる/段差のないところでつまずく/人の名前が出てこない/冷蔵庫を開けた瞬間に用事を忘れる…これが大人です」という加齢あるあるリストのバズ(@xqwooi みお｜限界看護師 30,186いいね/2026-09-05 07:01 UTC投稿・テキストのみ)。元投稿は症状の列挙のみで、なぜ平らな床でつまずくのかという機序・数値には一切触れていない。→足した一次情報:Killeen, Easthope, Demkó, Filli, Lőrincz, Linnebank, Curt, Zörner, Bolliger 2017, Scientific Reports「Minimum toe clearance: probing the neural control of locomotion」(DOI:10.1038/s41598-017-02189-y)。健常者121名のトレッドミル歩行で、遊脚期に足先が床へ最接近する点(MTC)の平均は15.0mm(中央値14.5mm/SD 4.0mm)、発生タイミングは遊脚期の57±3.6%。年齢群間に有意差はなく若年20-39歳15.1±0.5mm/中年40-59歳15.2±0.6mm/高齢60-80歳14.5±0.5mm。←今回の核心は「平らな床でも隙間は1.5cmしかない」「20代でも数字はほぼ同じ＝加齢固有ではない」の2点で、相手を否定せず“そりゃつまずく”を裏付ける形にした。さらに同論文は認知負荷(不一致ストループ課題)を課すと高齢群のMTCが12.7±0.5mmまで低下(若年群14.6±0.5mm)と報告しており、「考え事しながら歩くとさらに縮む」はこの結果に基づく。※未使用の種:同論文は「つまずきが高齢者の転倒の半数超を占める」とするが、転倒リスクを煽る形になるため本文では使わず/リストの他項目(唾液でむせる=嚥下反射の遅延、冷蔵庫の件=doorway effect)は、後者が2021年BMC Psychologyの非再現報告(Doorways do not always cause forgetting)があり一次情報として断定できないため不使用。公開ポスト https://x.com/gude_aiai/status/2096520717789528167"
https://x.com/nino_honmono/status/2096526810569928752,2026-09-06,掃除機の排気のにおいは気体分子で粒子フィルターを素通りする
https://x.com/Spinoff1204/status/2096029858937930155,2026-09-07,セルフ給油の「満タン」は本当の満タンではなく、オートストップ後の継ぎ足しは危険だというバズ(2,452いいね/2026-09-05 09:17 JST投稿・「カチッと止まる」「継ぎ足しは危険」までで、止まる機構・膨張の数値・キャニスターには一切触れていない)→足した一次情報:(1)←今回の核心はオートストップの機構で、これは満タンを検知しているのではない。ノズル先端の検知孔から常時空気が吸われており、液面が孔を塞ぐと管内が負圧になってレバーの支えが外れ、弁を開く力が失われて流量が止まる(乗りものニュース「セルフ給油『満タンで自動停止』どういう仕組み？」https://trafficnews.jp/post/126967 )。同記事はこの「満量停止制御装置」がセルフ解禁に伴い1998年(平成10年)に消防当局によって義務化されたと記述。(2)残る隙間はガソリンの熱膨張の逃げ場として意図された設計空間であり、ガソリンは油温が1℃上がるごとに体積が0.135%増加する(体膨張率0.00135)。給油量50Lで油温が10℃上昇すると0.675L=675mL増える(Motor Fan https://motor-fan.jp/article/1384486/ )。体膨張率0.00135はRIM「猛暑でガソリンが膨張!?」でも同値を確認(500kl×10度×0.00135=6.75kl)。(3)継ぎ足すと液ガソリンがチャコールキャニスターに流入し活性炭が目詰まりして機能を失う。交換は部品代1〜1.5万円+工賃2〜3万円(Motor Fan)。※元ネタの「本当の意味では満タンじゃない」は不足ではなく設計上の余白である点を上位版として訂正した。※未使用の種:危険物の規制に関する規則 第40条の3の10第二号が顧客用固定給油設備の「一回の給油量及び給油時間の上限」を適正な数値に設定するよう義務づけている(消防庁 https://www.fdma.go.jp/singi_kento/kento/items/post-136/01/sankou1-5.pdf )＝上限値の設定義務はあるが具体的数値基準は法令にない。公開ポスト https://x.com/gude_aiai/status/2096709232032727508
https://x.com/ArturGalata/status/2093844345908539709,2026-09-07,引用:「青信号・青リンゴ・青虫・青のり…全部緑やん」という体感の投稿(@ArturGalata 18,760いいね/2026-08-29)→日本語で語幹に「い」を付けるだけで形容詞になる色名は「しろ・くろ・あか・あお」の4語のみで「緑い」「黄い」とは言えず、これは緑・黄が後から作られた新しい語彙であることの証拠(浅野担当「日本の色彩」第2回「しろ」と「あお」「あか」と「くろ」-古代日本の色名 2022年度春学期 日本事情1 講義資料)/古代語の色名は白・黒・赤・青の4語で青が寒色域を包括していたため信号や青葉の用法が残る(同)/「みどり」は新芽・若葉の生命力に由来する語で、生まれたばかりの子を新芽にたとえて「みどりご」と呼んだ(語源由来辞典)/大宝令は隋唐の制にならい人の年齢を6級に分け、男女3歳以下を「緑児」と称した(養老令では「黄」に改称)。以下、少子16歳以下・少丁20歳以下・正丁男子21歳以上・老61歳以上・耆66歳以上(法務省「旧民法制定以前の成年年齢について(沿革)」)/本文未使用の種:ズワイガニの雌は初産卵の卵を約1年6か月抱卵し翌々年2〜3月に孵化、経産卵は約1年。産卵直後の橙色の卵は「アカコ」、約1年後の茶黒色は「クロコ」(水産研究・教育機構 日本海区水産研究所/京都府海洋センター)。ただし引用元の@kaeruZangyoは2026-09-03に引用済みのため不採用
https://x.com/jibansaigai/status/2096446415384039724,2026-09-07,"引用:「八ヶ岳韮崎が別格にでかいです。さすがは日本最大規模の岩屑流。美しい地形の成り立ちがダイナミックすぎる。」という地形バズ(@jibansaigai 4,642いいね/2026-09-06 03:52 UTC投稿・画像付きだが「日本最大規模」「ダイナミック」という体感の形容のみで、規模の数値・比較対象・現在の地形との対応には一切触れていない)→足した一次情報:(1)井口隆1989「八ヶ岳火山における山体崩壊と岩屑流」国立防災科学技術センター研究報告 第43号 https://dil-opac.bosai.go.jp/publication/nrcdp/nrcdp_report/PDF/43/43inokuchi.pdf ：韮崎岩屑流の南麓分布面積256km2(総分布面積300km2以上と推定)、韮崎より上流側の堆積土量9km3(総堆積量12〜15km3の可能性)、最大層厚200m、延長21km以上(総延長40km以上と推定)。流れ山は約100個、平均径200〜300m・高さ10〜50m・最大径500m、分布標高は主に600〜500m。三村ら(1982)の残留磁気測定で大規模な山体崩壊起源と確定。←本文の「9km3」「丘が百個」と動画barsの核心。(2)比較対象:産総研 地質調査総合センター「磐梯山 - 1888年噴火とその堆積物 -」 https://gbank.gsj.jp/volcano/Act_Vol/bandaisan/page3_20.html ：1888年磐梯山の岩屑なだれはNakamura(1978)が分布総面積34km2・総量1.5km3と見積もり(崩壊山体は噴火直後の測量で約1.2km3、後年の地形復元で0.8〜0.5km3)。9km3÷1.5km3で「約6倍」と保守的に表現した(弁護士永野海のページは『磐梯山の10倍近い』とするが、総堆積量12〜15km3を採った場合の値なので、確実な下限である6倍を採用)。(3)七里岩台地(Wikipedia)：約20万年前の八ヶ岳山体崩壊による岩屑流堆積面が西の釜無川・東の塩川に侵食されて残った台地で、南北30km(約7里)・断崖の高さ10〜40m。中央本線と中央自動車道は韮崎市を過ぎるとこの台地へ登る←フックに使用。台地上に新府城・谷戸城・能見城。※未使用の種:等価摩擦係数H/L(一般値0.08、韮崎の具体値は当該報告に記載なし)/崩壊前の八ヶ岳は標高3000mを優に超えたとの推定(naganokai.com、一次情報でないため不使用)/最大層厚200mと分布面積256km2は本文の字数上入らず/流れ山の最大径500m・分布標高600〜500m。※医療・法律・金銭に触れないネタ。災害の当事者性が必要な話題を避けるため、現在の防災リスクには一切言及していない。公開ポスト https://x.com/gude_aiai/status/2096811946821505083"
https://x.com/SAKANAICHIRO/status/2096691321822175705,2026-09-07,"引用:「突然漏電でブレーカーが落ちた。原因はテラスの電気で、その回線が冷蔵庫と同じところにつながっていて冷蔵庫まで使えない」という深夜のトラブル投稿(@SAKANAICHIRO 山口一郎 49,497いいね/2026-09-06 20:05 UTC・テキストのみ・引用なし。出来事の記述のみで、漏電遮断器がなぜ30mAで切れるのかには一切触れていない)→足した一次情報:(1)JIS C 0365:2007「感電保護-設備及び機器の共通事項」(IEC 60364-4-41準拠) https://kikakurui.com/c0/C0365-2007-01.html ：知覚閾値は交流0.5mA以下、痛覚閾値は交流3.5mA(5.1.6)。4.3注記で「追加感電保護として定格感度電流30mA以下の漏電遮断器の使用を認める」。5.1.6で心室細動の閾値はIEC 60479-1参照と明記。(2)「技能と技術」誌310号(2022年4号/職業能力開発総合大学校 JEED) https://www.tetras.uitec.jeed.go.jp/files/ginou_gijutu/e-book/202204/pageindices/index8.html ：心室細動電流(IEC 60479-1のAC-4領域)は通電10msで500mA、500msで100mA、1sで50mA、10sで40mA程度。←本文の「1秒流れて危ないのが50mA」の出典。(3)Panasonic 電気設備の基礎知識「漏電ブレーカー」 https://www2.panasonic.biz/jp/basics/electric/breakers/earth-leakage-breaker/ ：高感度高速形は感度電流30mA以下・動作時間0.1秒以内(JIS C 8201-2-2)。感度電流の選定例は15/30/100/200/500mA、時延形は0.3〜0.8秒。※未使用の種:零相変流器で行きと帰りの電流差を検出する原理/屋外照明は雨で絶縁抵抗が落ちて漏電しやすい(電気保安協会の事例記事どまりで一次情報を確定できず不使用)/冷蔵庫を延長コードで取ることへの注意喚起は「相手の否定」になるため意図的に不使用。※相手を否定せず、数字だけを足す形にした。公開ポスト https://x.com/gude_aiai/status/2096883208398786717"
"https://x.com/joshinishiguchi/status/2096823074821968087,2026-09-07,「意外と知られてない話。メトロポリタン美術館は40万点以上のアート作品画像を無料でダウンロードできる上に商用利用までOK」というデザイン素材紹介のバズ(@joshinishiguchi 4,858いいね/2026-09-07 13:49 JST投稿)。元投稿は既に「クレジット表記も不要(CC0)」「申請や許可も一切いらない」まで書いており、CC0・無料・商用可の3点では上位版が作れないと判断。触れられていない前史と実数で差をつけた。→足した一次情報:(1)The Met公式プレスリリース「The Met Makes Its Images of Public-Domain Artworks Freely Available through New Open Access Policy」https://www.metmuseum.org/press-releases/open-access-2017-news ：オープンアクセス開始日は2017年2月7日、公開点数は37万5千点超、ライセンスはCreative Commons Zero(CC0)。現在の点数は公式Open Accessページ https://www.metmuseum.org/about-the-met/policies-and-documents/open-access が「Over 492,000 public-domain artworks」と記載＝元ネタの「40万点以上」より約9万点多い(本文では49万点を採用)。(2)←今回の核心: 先行はアムステルダム国立美術館。Peter Gorgels(Rijksmuseum インターネットマネージャー)”Rijksstudio: Make Your Own Masterpiece!” Museums and the Web 2013 https://mw2013.museumsandtheweb.com/paper/rijksstudio-make-your-own-masterpiece/index.html ：Rijksstudioの公開は2012年10月30日、所蔵12万5千点を2500×2500px/300dpiの高解像度でウォーターマークなし・共有制限なし・copyright-freeで開放。Metの2017年2月7日より4年3か月早い。本文は保守的に「4年早い」とした。※未使用の種:Rijksstudio公開後3か月で32,000のポートフォリオが作成され112,000点がDL、サイト滞在時間が平均3分→10分、来館者数34%増(同論文)/Metは画像だけでなく全所蔵品の基本データもCC0で出しGitHub(metmuseum/openaccess)にCSVを置いている/Met公式APIはAPIキー不要。※CC0の適用範囲はパブリックドメイン作品に限られる点は、著作権の助言に踏み込むため本文では触れず、事実紹介に留めた。動画propはcardsでアムステルダム2012とニューヨーク2017を並置。公開ポスト https://x.com/gude_aiai/status/2096931837436174358"
https://x.com/yu_san_logs/status/2096753564496330893,2026-09-08,"引用:「電車の運転士の指差し確認。目で見るだけだと脳は『見たつもり』で通す。指差して声を出せば目と手と口の三人がかりの検品になる」という工場のベテランの話（@yu_san_logs／13,662いいね／09-07 09:13投稿／テキストのみ）。足した一次情報＝鉄道総研の効果検定実験の誤り率（何もしない2.38%／呼称のみ1.0%／指差しのみ0.75%／指差呼称0.38%＝約1/6。芳賀繁ほか「『指差呼称』のエラー防止効果の室内実験による検証」産業・組織心理学研究1996年9巻2号107-114）と、起源が明治末の神戸鉄道管理局で、目が悪くなった機関手・堀八十吉が機関助手に信号確認を繰り返していたのを幹部が制度化し『機関車乗務員教範』(大正2年7月)に明文化されたこと。JR西日本の2007年追試(森本克彦・久保田敏裕、駅社員30名)でも0.10%→0.02%で同傾向。※データ上は指差しのみ0.75%が呼称のみ1.0%より良いが、元投稿の三要素説を否定しない形で並置した。公開ポスト https://x.com/gude_aiai/status/2097124279024263443"
https://x.com/comori_uta/status/2097103084896014747,2026-09-08,"引用:「ねこ、『ニンゲンおきておきておきて（朝4時）』『何………？水？ごはん？トイレ？』『ニンゲンが起きてたら嬉しいから起こした』みたいな生き物なので諦められる人だけ飼ってほしい」（@comori_uta／43,150いいね／2026-09-07 23:21 UTC＝09-08 08:21 JST・約9時間前・テキストのみ・引用なし・返信なし）。元投稿は猫の行動の描写のみで、その声がなぜ人間に効くのかには一切触れていない。→足した一次情報＝McComb K, Taylor AM, Wilson C, Charlton BD.「The cry embedded within the purr」Current Biology 2009;19(13):R507-R508 https://www.cell.com/current-biology/fulltext/S0960-9822(09)01168-3 ：猫が人間に要求するときのpurr(solicitation purr)には220〜520Hz(平均380Hz)の有声ピークが埋め込まれており、これは人間の乳児の泣き声と同じ帯域。通常のゴロゴロの基本周波数は約27Hz。猫10頭の録音を50人に聴かせたところ、飼育経験の有無に関わらずsolicitation purrのほうが「切迫している・不快である」と有意に評価された(飼い主 t29=18.05, p<0.0005／非飼い主 t19=8.22, p<0.0005)。有声ピークの高さが切迫感・不快感の強さと有意に相関。※未使用の種:猫は薄明薄暮性(crepuscular)で明け方と夕方に活動ピーク／2023年 Current Biology のネコ喉頭研究(神経入力なしでもpurr周波数を発生できる)。※元投稿は「猫は食べ物をねだっていたわけではない」としているため、本文では動機を断定せず「要求のときの声」という表現に留め、相手の記述を一切否定していない。公開ポスト https://x.com/gude_aiai/status/2097245257318408321"
https://x.com/bushidoh_sb/status/2096839944149115011,2026-09-09,"「四国の城調べてたら全然戦いに向いてなさそうな城でてきた。昼寝城。」という城の名前バズ(6,378いいね/2026-09-07 14:56 JST投稿・画像のみで、名前の印象を述べるだけで由来・歴史・数値には一切触れていない)→上位版の軸は「名前の印象と実態が真逆」。足した一次情報:(1)香川県教育委員会「香川県の中世城館〜讃岐武士の足跡をたずねて〜」https://www.pref.kagawa.lg.jp/documents/15239/28-2busi.pdf ：寒川氏は「四国一の堅城と言われた昼寝城」を本拠とし虎丸城・引田攀山城を支城とした。掲載の縄張図には「長宗我部による改変が著しい」の注記、大堀切・櫓台・主郭(山頂)を図示。元亀3年(1572)三好長治により寒川元政は昼寝城へ移り三好方の安富肥前守盛方預りとなる。(2)攻城団 https://kojodan.jp/castle/2043/ ：名前の由来は「昼寝をしていても敵に攻め落とされない」(諸説あり)。標高460m/比高220m。1540年に安富盛方、1570年に三好長治が攻めたがいずれも落城せず。土塁・堀切が現存。(3)さぬき市「指定文化財の概要」(Wikipedia経由)：嘉吉年間(1441-1444)築城、築城主は寒川光治と伝わる。矢筈山中腹の俗称昼寝山山頂に西100㎡・東200㎡の2つの平坦地、幅約2mの道で結ばれ馬場と伝わる。土塁とみられる遺構、西側隅に寒川社(寒川さん)の祠。大永3年(1523)塩ノ木合戦、大永6年(1526)三好氏の兵糧攻めにも落城せず。(4)城郭放浪記 https://www.hb.pei.jp/shiro/sanuki/hirune-jyo/ ：元亀元年(1570)虎丸城を奪われ昼寝城へ退くも三好氏の二度の攻撃に耐えた。遺構は土塁・郭・堀。←動画cardsで「1540年 安富氏=落ちず / 1570年 三好氏=落ちず」を並置。※未使用の種:標高460m・比高220mの数値/山頂平坦地の面積(西100㎡・東200㎡)/寒川氏は仁明天皇の頃に讃岐朝臣の姓を賜った代々の寒川郡司/寒川元政は永禄5年(1562)教興寺の戦いに三好長慶方で参陣/長宗我部による改修で現在の縄張は戦国末期の姿。※由来は「諸説あり」とされるため本文でも断定を避け「由来は逆で」という形に留めた。公開ポスト https://x.com/gude_aiai/status/2097434012843205102"
https://x.com/segavva_/status/2096943827563196513,2026-09-09,"引用:『酔っ払ったらどうなるのー？笑』蟹『え〜、前に歩いちゃう笑』というネタ投稿(@segavva_／71,158いいね／2026-09-07 12:49 UTC＝09-07 21:49 JST投稿・テキストのみ・画像なし・引用なし・返信なし)。元投稿はカニが横歩きする前提の言葉遊びのみで、前に歩くカニの実在にも横歩きの理由にも一切触れていない。→足した一次情報＝(1)ミナミコメツキガニ(Mictyris)は前に歩くカニ。『潮が引いた干潟の上で大きな群れをつくり、足で体をかつぎ上げたような高い姿勢でゾロゾロと歩き回ります』『前に歩くのが特徴』(奄美・生物多様性『どんな生き物がいるんだろう！』マングローブ編 http://amami-ikimono.eepc.jp/illustrated_guide/mangrove/animal/80/index.html )。分布は種子島以南の南西諸島から台湾・香港・フィリピン。集団で前進する様が軍隊の隊列に例えられる(Wikipedia)。(2)潜砂行動＝『脚で砂泥をかきながら、自分の体をねじのように回転させ、砂泥にすばやくねじ込む』(同)。(3)横歩きの理由＝脚の節の幅が広く人間の肘のように一方向にしか曲がらず、その脚が根元を接して4対並ぶ上に大きなハサミがあるため前進できず、自然に横向きに歩く(サカナト https://sakanato.jp/8641/ )。(4)例外は他にも。クモガニ類・コブシガニ類は脚が細く付け根に余裕があり甲羅が角ばっていないため前に歩ける。アサヒガニ(Ranina ranina)・カラッパ類はハサミ等が邪魔で横に歩けず前後に動く＝『一般的に短尾類が横歩きするのに対して前後に動く』(鳥羽水族館 生きもの図鑑 https://aquarium.co.jp/picturebook/ranina-ranina.html 、水深20〜50mの砂地、相模湾〜九州・沖縄)。※未使用の種:アサヒガニの分布(アフリカ東岸・ハワイ・NZ・豪)／ミナミコメツキガニの脚は甲幅より長い／前進の機構自体は未解明とする資料もある。※元投稿はネタなので否定せず『シラフでも前に歩くカニがいる』と並置する形にした。公開ポスト https://x.com/gude_aiai/status/2097486920980795441"
https://x.com/okinawa789/status/2097245925517471801,2026-09-09,"引用:「⭐️レア映像⭐️ 沖縄県のハネフクベという植物🪴 くす玉🎊みたいな果実が割れると、中からグライダーのようなタネが飛び出します😊」という植物の動画バズ(@okinawa789 沖縄県公式／27,787いいね[確認時27,843]／2026-09-08 08:49 UTC＝09-08 17:49 JST投稿・動画あり・引用なし・返信なし)。元投稿は「グライダーのようなタネ」という見た目の比喩までで、その形が実際の航空機設計に使われた史実には一切触れていない。→足した一次情報＝(1)ハネフクベ Alsomitra macrocarpa（ウリ科）の種子は薄い翼を持ち両翼あわせて12〜15cmに達し「世界最大の滑空型種子」とされる。放出後はゆっくりグライダーのように滑空し条件が良ければ数百メートル先まで飛ぶ。果実は球形で人の頭ほど。自生はタイ・フィリピン・マレーシア・インドネシア・パプアニューギニア・ビスマルク諸島で、沖縄では海洋博公園の熱帯ドリームセンター果樹温室内で開花・展示（ja.wikipedia ハネフクベ https://ja.wikipedia.org/wiki/ハネフクベ ）。(2)←今回の核心：エトリッヒ父子（Igo Etrich）がこの種子にヒントを得て「アルソミトラ型飛行機」を考案（ja.wikipedia アルソミトラ https://ja.wikipedia.org/wiki/アルソミトラ ）。(3)年号と数値：1904年1月にAhlbornからザノニア（=Alsomitra macrocarpa の旧属名）の種子を送ってもらい、1904年半ばに無人グライダーが1,640ft（約500m）滑空。Etrich-Wels は竹の骨組みにセルロースドープ布張りの無尾翼機で、有人化前に数百回の無人飛行（HistoryNet「Inspired by a Seed, an Austrian Designer Developed a Family of Airplanes—And the First Warplanes」 https://www.historynet.com/etrich-taube-wwi-planes/ ）。(4)1909年にIgo Etrichが設計、1910年4月10日にテスト開始して同年初飛行したのがEtrich Taube（Etrich II）。「The Taube's unique wing form was modeled, not after any bird, but rather copied from the seeds of Alsomitra macrocarpa」「the first military aeroplane to be mass-produced in Germany」。14社が多数の派生型を製造（en.wikipedia Etrich Taube https://en.wikipedia.org/wiki/Etrich_Taube ）。1914年時点でドイツ航空隊の機体の半分がタウベ（HistoryNet 同上）。※未使用の種：果実は20〜30cmで種子は数百個（富山県教育委員会デジタル理科教材 https://www.digirika.tym.ed.jp/wp-content/uploads/010_arusomitora_hikoki.pdf ）／1911年11月1日にイタリアのGiulio Gavottiがタウベからリビアで世界初の空中爆弾を投下／Ahlbornが1897年に飛ぶ種子の論文を発表。※元投稿の「沖縄県の」は自生ではなく温室展示だが、訂正は「相手の否定」になるため一切触れず、種子→飛行機の史実を足すだけの形にした。公開ポスト https://x.com/gude_aiai/status/2097607828575813836"
"https://x.com/keiobus_info/status/2096855925303738368,2026-09-09,引用:【豆知識】iPhoneで電光掲示板を撮ると表示がブツブツ黒く欠ける、という撮影テクの投稿(@keiobus_info 京王バス公式/約11,120いいね/2026-09-07 20:11 JST投稿・画像3枚。「シャッタースピードを遅くすれば写る」という撮り方の紹介までで、なぜ肉眼では欠けて見えないのかという視覚側の限界値には一切触れていない)→題材だけ借りて「カメラに写る/写らない」から「実は目にも見える瞬間がある」へ視点を移した。足した一次情報:(1)←今回の核心 Roberts JE, Wilkins AJ「Flicker can be perceived during saccades at frequencies in excess of 1 kHz」Lighting Research & Technology 2013;45(1):124-132 DOI:10.1177/1477153512436367 (Essex大リポジトリ https://repository.essex.ac.uk/3842/ で抄録確認)。1ルクス未満の暗室で20〜40度のサッケード(急速眼球運動)中に点滅光を観察させると、時間変調が「phantom array」と呼ばれる空間パターンとして知覚され、11名の観察者平均1.98kHzまで点滅光と定常光を弁別できた。同論文は冒頭で「When driving at night, flickering automobile LED tail lights can appear as multiple images」と述べており、今回のフック「夜のテールランプが点線に割れる」はこの記述そのもの。また120Hzではフリッカーのコントラストが10%を超えるとサッケード中のパターンが知覚された。(2)従来の融合限界との対比: 静止注視下の臨界融合周波数(CFF)は通常48〜60Hzとされ、錐体視でも約60Hzで頭打ち(桿体視は約15Hz)。動画barsは「じっと見る60Hz vs 視線を振る1980Hz」の対比に使った。(3)独立した裏付け: Davis J, Hsieh YH, Lee HC「Humans perceive flicker artifacts at 500 Hz」Scientific Reports 2015;5:7861 DOI:10.1038/srep07861 — 高空間周波数のエッジを含む表示では従来のCFF(50〜90Hz)を大きく超える500Hz超のフリッカーを検出できる。※未使用の種: 120Hz/コントラスト10%の閾値/サッケード中の刺激が眼球運動制御に干渉する可能性という同論文の示唆/Davis論文の「空間エッジが必要」という条件/IEEE 1789-2015のLED変調リスク区分(二次情報経由のため不使用)/LED表示器のダイナミック点灯のデューティ比(機種依存で一次情報を確定できず不使用)。※元投稿の撮影テク自体は否定せず、視覚側の数字を足すだけの形にした。公開ポスト https://x.com/gude_aiai/status/2097656558209380602"
"https://x.com/ray3my/status/2097435073222267068,2026-09-10,「日本人の多くは知らない。ドイツ人が誕生日を『前』に祝わないことを」という在独者の体験談スレッド(@ray3my 3,992いいね/2026-09-08 21:21 UTC＝09-09 06:21 JST投稿・テキストのみ・画像なし・引用なし)。元投稿は同僚とのやりとりで「前祝いはしない」というタブーの存在を紹介するところまでで、では何時から祝ってよいのかという境界線・その語彙・法的な扱いには一切触れていない。→上位版の軸は「禁じられているのは前祝いではなく“日付が変わる前に祝うこと”で、境界は0時ちょうど」。足した一次情報:(1)←今回の核心の一つ Duden(ドイツ語正書法辞典)の見出し語「reinfeiern」 https://www.duden.de/rechtschreibung/reinfeiern ：品詞=schwaches Verb、語法=umgangssprachlich、語義は「hineinfeiern」、掲載例文は "dieses Jahr will ich mal in meinen Geburtstag reinfeiern"(今年は自分の誕生日に祝い込みたい)、Perfektbildung は "hat"、綴り分割 rein|fei|ern、頻度表示は「selten」。＝前夜から集まって0時をまたぐ祝い方に専用の動詞があり、辞書の例文がまさに誕生日である。(2)←動画の山場 ドイツ民法(BGB)§187 Abs.2 S.2 および §188 Abs.2 により、年齢計算では出生日を算入するため、人は「誕生日の0時」に一つ歳をとる＝出生時刻は関係しない。lexexakt Rechtslexikon「Vollendung des Lebensjahres」 https://www.lexexakt.de/index.php/glossar/vollendunglebensjahr.php は"Ein Lebensjahr ist am Beginn des jeweiligen Geburtstages vollendet"(§187 Abs.2 S.2 BGB)とし、18歳の効果は誕生日の0時00分に発生すると明記。独語版Wikipedia「Lebensalter」も "eine Person ab 0:00 Uhr an ihrem Geburtstag ein Jahr älter ist und nicht erst zu der eigentlichen Geburtsstunde" と記述し、2006年10月10日17時02分生まれの人は2024年10月10日0時から成年、という例を挙げる(通常の期間計算では初日不算入だが "Bei der Berechnung des Lebensalters wird der Tag der Geburt jedoch mitgerechnet")。＝慣習の線と法律の線が同じ0時で一致する、というのが今回の落ち。動画propは ba で「前日はだめ／0時からOK」を対比。※未使用の種: Dudenの頻度表示「selten」(口語では一般的なのに辞書上の頻度が低い理由を確定できないため不使用)/BGB§2(成年)/前祝いのタブーの由来を説明する記事は個人ブログ・語学系メディアどまりで一次情報を確定できなかったため、由来には一切踏み込まず「祝わない」という事実の紹介に留めた。※法律に触れる話題のため、ドイツの条文の内容を紹介するに留め、断定的な助言や日本法への当てはめは一切していない。公開ポスト https://x.com/gude_aiai/status/2097797123337011551"
https://x.com/momo_ollife/status/2097521122707488844,2026-09-10,引用:「なんでビジネス用語ってわざわざ横文字にするの？エビデンス・ローンチ・リスケより根拠・公開・日程変更の方が絶対伝わるの早くない？」というバズ(@momo_ollife・32541いいね・テキストのみ)→国立国語研究所「外来語」委員会(平成14年8月設置)が平成15年4月〜平成18年3月の4回に分け計176語の「外来語」言い換え提案を公表(総集編PDF https://www2.ninjal.ac.jp/gairaigo/Teian1_4/iikae_teian1_4.pdf )/対象は白書・新聞など公共性の高い媒体で実際に使われた分かりにくい外来語/選定基準は「意味が分かる」と答えた人の比率＝理解度で星4段階(★☆☆☆=25%未満 ★★☆☆=25%以上50%未満 ★★★☆=50%以上75%未満 ★★★★=75%以上)・国民全体と60歳以上を別掲/★☆☆☆は「最も分かりにくい外来語であり公的な場面でそのまま用いることは避けるべき語」と提案本文に明記・★★★★は既に定着として原則対象外/★☆☆☆の実例=インフラ(→社会基盤)・ログイン(→接続開始)・コンプライアンス(→法令遵守)・コンテンツ・ガバナンス・イノベーション・コンセンサス/自前パースでは★☆☆☆が99語以上(176見出し中174語を捕捉)＝半数超が理解度25%未満/元投稿の3語(エビデンス・ローンチ・リスケ)は176語に含まれず＝2006年時点では公共媒体に現れていなかった語/自投稿 https://x.com/gude_aiai/status/2097849933776748934 (09:49:35 JST公開・本文96字・引用カード添付実測済み・メディアなし)
"https://x.com/AriyoshiMd/status/2097393529115062772,2026-09-10,引用:「ニンニクを食べた後の息は胃から臭いが上がってくると思っていたが実は違うらしい。健康成人5人に生ニンニク6gを食べてもらって調べると、直後の臭い→主に口の中／数時間後の臭い→腸から吸収された成分が血液へ→その成分が肺まで運ばれ呼気として出てくる」(@AriyoshiMd 10,433いいね/2026-09-08 18:35 UTC＝09-09 03:35 JST投稿・画像あり・引用なし)。※元投稿は既に「腸→血液→肺→呼気」の経路まで書き切っているため、その経路の言い換えでは上位版にならないと判断。触れられていない「呼気の先＝皮膚からも出る」で差をつけた。→足した一次情報:(1)←今回の核心 Nakamura S. et al.「Measurement of diallyl disulfide and allyl methyl sulfide emanating from human skin surface and influence of ingestion of grilled garlic」Scientific Reports 2020;10:465 https://www.nature.com/articles/s41598-019-57258-1 ：男性3名(24/25/31歳)が焼きニンニク約45gを30分かけて摂取。皮膚表面からのDADS放出フラックスは摂取直後(t=0h)にピーク4.3-5.2 ng cm-2 h-1、AMSは30分後(t=0.5h)にピーク2.8-3.0 ng cm-2 h-1。両成分とも摂取8時間後もベースラインを上回ったまま検出され続けた。論文は両者のピークのずれについて「AMSは血流に入った後、皮膚組織に相対的に遅れて現れる(latent)」と述べる。←本文の「8時間たっても出ていた」「呼気より遅れて肌がピークに来る」と動画propのcount=8時間の出典。(2)Hansanugrum A, Barringer SA.「Effect of milk on the deodorization of malodorous breath after garlic ingestion」J Food Sci 2010;75(6):C549-58 PMID:20722910 DOI:10.1111/j.1750-3841.2010.01715.x ：SIFT-MSでDADS/AMDS/AM/AMS/MMを測定。無脂肪乳・全脂乳とも全揮発成分を有意に低減し、脱臭の主因は乳中の「水分」。全脂乳は脂肪分が多いぶん疎水性の高いDADS・AMDSにより有効。持続性のあるAMSについては牛乳が水や10%カゼインナトリウムより有効。さらに「ニンニクを食べた後に牛乳を飲む」より「食べる前に牛乳を混ぜておく」ほうが口腔内の揮発成分の脱臭効果が高い。※未使用の種:DADS/AMSの具体的なフラックス数値(ng cm-2 h-1)は本文の字数に入らず/牛乳の脱臭は今回の本文では一切使わず(1投稿1事実の原則で皮膚放出に絞った。次回以降のネタ候補として温存)/Mennella & Beauchamp の母乳中のニンニク成分の研究(PMID:8108198を検索で確認したが本文未使用)/被験者3名という少人数である点。※健康・医療に触れる話題のため、消臭法の推奨や健康影響への言及は一切せず、測定された事実の紹介のみに留めた。元投稿の記述(腸→血液→肺)は一切否定せず、その先を足す形にした。公開ポスト https://x.com/gude_aiai/status/2097899066893939115 (13:04:49 JST公開・本文115字・加重220カウント・動画11.0s/720x1280/h264+aac/0.69MB・ハッシュタグ3つ)"
https://x.com/HiroakiGoto1/status/2097776236026085682,2026-09-10,"引用:「チェコでお客さんに『日本の義務教育の教科書にはスメタナが載ってるんだよ』って言ったら『は？？なんで！？？』ってなってた。調べたら1950年代から載ってるらしいのでほぼ全国民が知っていることにww チェコ音楽、日本でメジャーすぎる」（@HiroakiGoto1 在チェコのヴァイオリン奏者／10,247いいね[確認時10,294]／2026-09-09 19:56 UTC＝09-10 04:56 JST投稿・約12.8時間前・動画あり[モルダウ演奏]・引用なし・返信なし）。元投稿は「日本の教科書に載っている」という受容側の話に終始し、作曲者スメタナ本人の状況には一切触れていない。→足した一次情報＝(1)←核心 スメタナ本人の記述「on October 20th I lost my hearing completely」（1874年）。Hesse E. 他「The deafness of Bedrich Smetana」GMS Z Audiol (Audiol Acoust). 2024;6:Doc02. doi:10.3205/zaud000037 https://www.egms.de/static/en/journals/zaud/2024-6/zaud000037.shtml 同論文は「Completely deaf, he completed the six-part cycle Má vlast, which also includes Vltava, in the following weeks」と明記＝完全失聴後の作曲。(2)失聴の経過: 1874年7月に異音・持続的な耳鳴りが始まり、10月初めに右耳、10月20日に左耳の聴力を喪失（en.wikipedia Má vlast https://en.wikipedia.org/wiki/M%C3%A1_vlast ）。(3)作曲期間: ヴルタヴァ（モルダウ）は1874年11月20日〜12月8日に作曲＝失聴のちょうど1か月後から19日間（en/ja Wikipedia「わが祖国」で一致確認 https://ja.wikipedia.org/wiki/わが祖国_(スメタナ) ）。第1曲ヴィシェフラドのみ1874年9月末〜11月18日で、失聴が目立つ前にほぼ完成していた唯一の曲。初演は1875年4月4日、アドルフ・チェフ指揮。※未使用の種: 全6曲の完成日（シャールカ1875-02-20／ボヘミアの森と草原から1875-10-18／ターボル1878-12-13／ブラニーク1879-03-09）／全曲初演は1882年／プラハの春音楽祭が命日5月12日に「わが祖国」全曲で開幕する慣例／日本の中学校音楽の歌唱共通教材7曲は日本の歌でモルダウは鑑賞側という論点（一次情報を確定できず不使用）。※元投稿の「1950年代から載ってる」「ほぼ全国民が知っている」は一切否定せず、その「全国民が知ってる」を受けて「本人だけが聴いていない」と反転させる形にした。※作曲家の失聴は音楽史上の伝記的事実の範囲に留め、健康・障害一般への言及や推論は一切していない。公開ポスト https://x.com/gude_aiai/status/2097970056537714866 （17:46:54 JST公開・本文97字・引用カード添付実測済み[quoted_tweet.id_str=2097776236026085682]・メディアなし・ハッシュタグなし）"
https://x.com/junkudo_net/status/2097839974146289956,2026-09-10,"「今日は9月10日、工藤の日です。創業者の父親の名前が『工藤 淳』その苗字と名前を入れ替えて『ジュンク堂』これがジュンク堂書店の名前の由来です」という社名由来の記念日ネタ（17,243いいね／2026-09-10 00:10 UTC＝09:10 JST投稿・テキストのみ）。元投稿は「父の名前を入れ替えた」という由来の一点のみで、その名前がいつから存在したのか・創業時の店名・1号店の誕生日には一切触れていない。→上位版の軸は「その名前は創業から13年間存在しなかった／名前の誕生日は9月10日ではなく12月24日」。足した一次情報＝(1)丸善ジュンク堂書店 コーポレートサイト「理念・沿革」 https://corp.maruzenjunkudo.co.jp/pages/philosophy-history ：「1963年（昭和38年）ジュンク堂　神戸元町にて大同書房として創業」「1976年（昭和51年）ジュンク堂　神戸三宮に本社移転　社名を『株式会社ジュンク堂書店』に改称」＝創業から改称まで13年、創業時の店名は大同書房。同ページは「2015年（平成27年）丸善書店・ジュンク堂書店合併により社名を『株式会社丸善ジュンク堂書店』に改称」も記載。(2)←今回の落ち 丸善ジュンク堂書店公式「50年のあゆみ｜ジュンク堂書店創業50周年」 https://www.maruzenjunkudo.co.jp/pages/j50th-history ：「ジュンク堂書店は1976年12月24日に誕生し、2026年に50周年を迎えます」＝1号店の誕生日はクリスマスイブ。同ページは1号店の所在を神戸・三宮センター街とし、店名を「創業者の父・工藤淳の『淳』と『工藤』を組み合わせた店名」と記述（元投稿の由来自体は公式にも一致するので否定せず）。※未使用の種：1996年 難波店に「座り読みコーナー」を設置し「立ち読み厳禁・座り読み歓迎」という言葉が生まれた（同50周年ページ。1投稿1事実の原則で今回は使わず、次回以降のネタ候補として温存）／2000年 三宮店を約1,000坪に増床／2001年 池袋本店 約2,001坪／1995年 阪神・淡路大震災からの復興開業／2009年 台北天母店で台湾進出／ja.wikipediaにある「色々な名を父親に提案したが全て駄目と言われ苦肉の策で『淳工藤』とひっくり返したら気に入られた」というエピソードは公式沿革に記載がなく一次情報を確定できないため不使用。※「工藤の日」が正式な記念日かどうかは一次情報で確認できなかったため、本文では記念日には一切触れず、社名の来歴の事実紹介のみに留めた。公開ポスト https://x.com/gude_aiai/status/2098019195912933793 （21:02:10 JST公開・本文103字・加重214カウント・動画13.1s/720x1280/h264+aac/0.92MB/ナレーションあり・ハッシュタグ3つ）"
https://x.com/luvsmell/status/2097992500824973360,2026-09-11,"引用:「百貨店でお菓子を買って『熨斗を御供でお願いします』とお願いしたら『こちら名前に""福""の付くお菓子ですがよろしいでしょうか』って教えて頂いて……身内の三回忌」というマナー体験談(@luvsmell/16,261いいね[確認時]/2026-09-10 10:16 UTC＝09-10 19:16 JST投稿・約11時間前・テキストのみ・画像なし・引用なし・返信数68)。元投稿は「弔事では""福""の付く菓子名を避ける」という店員の気遣いの話に終始し、掛ける紙そのもの＝熨斗の正体には一切触れていない。→上位版の軸は「そもそも弔事にはのしを付けない／あれはのし紙ではなく掛け紙」。足した一次情報:(1)←今回の核心 熨斗の正体は熨斗鮑。デジタル大辞泉「アワビの肉を薄くはぎ、長く伸ばして干したもの」「古くは儀式用の肴に用い、のち祝儀の贈り物に添える風習になった」/精選版日本国語大辞典「古くは食料に用い、後には儀式の肴(さかな)とし、また、進物などに添えて贈った」/世界大百科事典「肉を長い条状に小刀で薄くはぎ、水洗いして乾かし、生乾きのときにおもしをつけて引き伸ばしたまま乾して製品」(コトバンク https://kotobank.jp/word/%E7%86%A8%E6%96%97%E9%AE%91-596842 )。(2)のし紙と掛け紙の呼び分け＝三越伊勢丹グループ公式「のし紙とは、のし(のしあわびの意匠)と水引が印刷された贈答用のかけ紙」「かけ紙は広義で、水引のみが印刷された弔事用のものも含み」「慶事にはのし紙(のし付き)を、弔事やお見舞いではのしのない水引のみのかけ紙」 https://www.mistore.jp/gifts/knowledge/noshigami ＝元投稿の舞台が百貨店なので出典として最適。(3)←動画の落ち/本文の締め 本物は今も伊勢神宮に奉納。伊勢志摩観光ナビ「伊勢神宮御料鰒調製所」 https://www.iseshima-kanko.jp/spot/1576 ：三重県鳥羽市国崎町の神宮御料鰒調製所で古来の製法で調製された熨斗鮑が「6月と12月の月次祭(つきなみさい)、10月の神嘗祭(かんなめさい)で奉納される」＝年3回。調製は毎年6〜8月、一回に使う鮑は約200kg。起源は第11代垂仁天皇の第4皇女・倭姫命が国崎を訪れた際に海女「お弁」からアワビを献上されたことによると伝わる。毎年7月第2日曜に熨斗鮑祭り。※未使用の種:一回約200kg・調製期間6〜8月(本文の字数に入らず温存)/倭姫命とお弁の伝説/平城宮跡出土木簡に安房国から長さ4尺5寸(約1.5m)のアワビ献上の記録・『吾妻鏡』建久3年に源頼朝へ熨斗鮑が年貢として届いた記録(いずれもWikipedia経由で一次情報を確定できず不使用)/魚介類を贈る場合はのしを付けないという作法(二次情報どまりで不使用)/水引の結び方の慶弔差。※弔事に熨斗を用いない理由を「仏教で生臭物を避けるため」とする説明は一次情報を確定できなかったため、本文では理由に踏み込まず「祝い事の印だから外す」という事実の紹介に留めた。※元投稿の""福""の話は一切否定・言及せず、掛ける紙の側を足すだけの形にした。動画propはbaで「のし付き→水引だけ」を対比。公開ポスト https://x.com/gude_aiai/status/2098158732471382304 (06:16:38 JST公開・本文101字・加重224カウント・動画11.4s/720x1280/h264+aac/0.67MB/ナレーションあり・ハッシュタグ3つ・uguu.se経由[litterboxが500])"
https://x.com/Rine_Yaguruma/status/2097877454543261881,2026-09-11,"引用:「関西弁の最大火力が『おもんないで』なの、よく考えたらおもしろいかおもしろくないかに重きを置きすぎている」という言語感覚のバズ(@Rine_Yaguruma 矢車りね／48,201いいね[公開時。確認時48,245]／2026-09-10 02:38 UTC＝09-10 11:38 JST投稿・約22時間前・テキストのみ・画像なし・引用なし)。元投稿は「関西弁では否定形のほうが強い／おもしろいか否かに重きを置きすぎ」という体感の指摘までで、""おもしろい""という語そのものの辞書上の扱いには一切触れていない。→上位版の軸は「その体感は辞書のほうが先に認めていて、打消し形にだけ立つ語義が別に存在する」。元投稿を否定せず、観察に辞書側の裏付けを重ねる形にした。足した一次情報:(1)←今回の核心 デジタル大辞泉「面白い」語義5「(多く、打消しの語を伴って用いる)思ったとおりである。好ましい。『結果が―・くない』」＝""おもしろくない""は""面白くない""ではなく""思わしくない/好ましくない""を指す独立した語義で、打消しの形でしか使われない。精選版日本国語大辞典も同趣旨の語義を④に立て、用例「けふの寒さをいかにせん。あらおもしろからずの雪の日やな」を挙げる(コトバンク https://kotobank.jp/word/%E9%9D%A2%E7%99%BD%E3%81%84-454803 ／goo辞書デジタル大辞泉 https://dictionary.goo.ne.jp/word/%E9%9D%A2%E7%99%BD%E3%81%84/ で二重に確認)。(2)←本文の締め 語源はデジタル大辞泉の割注「《もと、目の前が明るくなる感じをいった語》」＝「面(おも)」が「白(しろ)」く見える、目の前が明るくなる感覚を言った語。※未使用の種:デジタル大辞泉の全6語義(興味をそそられる/こっけいだ/心が晴れ晴れする/一風変わっている/打消し専用の""思わしくない""/風流で趣が深い)のうち今回使ったのは5と語源のみ。goo辞書の「面白い」と「おかしい」の使い分け解説(「からだの調子がおかしい」「ちゃんちゃらおかしい」の不調不審用法は""面白い""に置換不能)は次回以降のネタ候補として温存。「おもろい/おもんない」が上方語として「おもしろい」からどう変化したかの音韻過程、および国立国語研究所の方言分布データは一次情報を確定できなかったため本文では一切触れず、関西弁の側には踏み込まないで共通語の辞書の事実だけを足す形にした(相手の土俵で正誤を論じない配慮)。公開ポスト https://x.com/gude_aiai/status/2098211229873414193 (09:45:14 JST公開・本文77字・引用カード添付実測済み[quoted_tweet.id_str=2097877454543261881/user.screen_name=Rine_Yaguruma]・mediaDetails=None＝メディアなし・ハッシュタグなし)"
"https://x.com/NOMON_and_Co/status/2098026206608122126,2026-09-11,引用:「眠気の正体、1998年まで誰も知らなかったんだ。その鍵を見つけたのが筑波大の柳沢正史先生。脳の中の『オレキシン』という物質だよ。これが出ていると起きていられて、足りなくなると突然眠りに落ちる」という発見史の語り投稿(@NOMON_and_Co 24,484いいね[公開時]/2026-09-10 12:30 UTC＝09-10 21:30 JST投稿・約15時間前・テキストのみ・引用あり)。背景として同日2026-09-10にラスカー賞受賞のニュース(@livedoornews 5,378いいね)が流れておりネタとして鮮度が高い状態だった。元投稿は「オレキシンという名前の物質が覚醒を保つ」という機能の説明に終始し、その名前の意味・発見当初に何の物質として報告されたかには一切触れていない。→上位版の軸は「覚醒を保つ物質なのに、名前の意味は『食欲』」。元投稿を一切否定せず、その手前の発見史を足す形にした。足した一次情報:(1)←今回の核心 Lasker Foundation「Orexin - a brain peptide that maintains wakefulness」2026 Albert Lasker Basic Medical Research Award https://laskerfoundation.org/winners/orexin-a-brain-peptide-that-maintains-wakefulness/ ：受賞者は Emmanuel Mignot(Stanford)と柳沢正史(筑波大)。柳沢らはラット脳から単離したペプチドを"orexin after the Greek word orexis, which means appetite"＝ギリシャ語の orexis(食欲)から命名したと明記。同ページは覚醒の機能が判明したのは1999年で、オレキシン遺伝子を欠くマウスが突然脱力して倒れる現象の観察によるとし、"revealed orexin's critical role in maintaining wakefulness rather than appetite regulation alone"と記述。(2)発見論文そのもののタイトルが摂食である。Sakurai T, ... Yanagisawa M.「Orexins and orexin receptors: a family of hypothalamic neuropeptides and G protein-coupled receptors that regulate feeding behavior」Cell 1998;92(4):573-585, 1998年2月20日 (PMID:9491897 https://pubmed.ncbi.nlm.nih.gov/9491897/ )。抄録は視床下部が摂食とエネルギー恒常性の統合制御の中心であるとの一文で始まり、オレキシンAとBが"stimulate food consumption"と記述＝1998年時点では眠りではなく食欲の物質として報告されている。←動画cardsの「名前の意味=食欲 / 実際の役=眠り」の対比の根拠。(3)同じ物質に別名がもう一つある。de Lecea L, ... Sutcliffe JG.「The hypocretins: Hypothalamus-specific peptides with neuroexcitatory activity」PNAS 1998;95(1):322-327, 1998年1月6日 (PMC18213 https://pmc.ncbi.nlm.nih.gov/articles/PMC18213 )。命名の説明は"Our name, hypocretin, is intended to indicate a hypothalamic member of the incretin family."＝hypothalamus＋incretin の合成語。Cell(2月20日)よりPNAS(1月6日)のほうが約6週間早く、同一物質に「オレキシン」「ヒポクレチン」の2名称が今も併存する。※1投稿1事実の原則により、本文で使ったのは(1)(2)の「名前の意味は食欲／眠りと分かるのは翌年」のみ。(3)のヒポクレチン二重命名は本文・動画ともに未使用で、次回以降のネタ候補として温存。※未使用の種:Chemelli RM et al. Cell 1999(オレキシン欠損マウス)とLin L et al. Cell 1999(イヌのオレキシン受容体2遺伝子変異)の具体的な書誌／2000年9月にヒトでは細胞脱落が原因と判明した経緯／ラスカー賞の共同受賞者Mignotの功績。※健康・医療に触れる話題のため、ナルコレプシー等の疾患名・症状・治療・睡眠の助言には一切踏み込まず、「物質の名前の由来」と「発見史の年代」という科学史の事実紹介のみに留めた。元投稿の記述(オレキシンが覚醒を保つ)は一切否定していない。公開ポスト https://x.com/gude_aiai/status/2098256145609564587 (12:43:43 JST公開・本文104字・加重219カウント・動画11.5s/720x1280/h264+aac/0.70MB/ナレーションあり・ハッシュタグ3つ[#雑学 #豆知識 #睡眠]・litterbox経由)"
https://x.com/yanyan6649/status/2098252650269876280,2026-09-11,"引用:「フランス行ったときに乗ろうとした電車、出発ホームが変わったらしくチケットに記載のホームに行ってもダメで、どうすんべか…と思ったら行きずりのオッチャンが『チケット見せろ』見せたら『この電車は◯番ホームだ』て教えてくれて『メルシー』て言うたら……」という渡仏体験談のバズ(@yanyan6649／23,244いいね[公開時。確認時23,732]／2026-09-11 03:29 UTC＝09-11 12:29 JST投稿・約5.4時間前・テキストのみ・画像なし・引用なし・返信なし)。元投稿はホームが変わっていたという事実と、通りすがりの人に助けられたという人情の話までで、「なぜフランスの駅ではホームが直前に変わるのか」という運用側の理由には一切触れていない。→上位版の軸は「ホーム変更は手違いではなく、国鉄の規程がそう設計している」。元投稿を否定せず、体験の背景にある規程を足す形にした。足した一次情報:(1)←今回の核心 SNCF Gares & Connexions の社内規程「L'information collective dynamique des voyageurs en gare」(Edition du 01-12-2014, Version 02) annexe A11 の原文に「L'affichage de la voie est realise sur le TGD, le TC et le TJ le plus tot possible et au minimum 20 minutes avant l'heure de depart theorique des trains.」＝出発ホーム(voie)の表示は「できるだけ早く、かつ最低でも定刻の20分前までに」行うと明記。つまり規程上の下限が定刻20分前であり、20分前に出しても規程違反ではない。TGD=Tableau General Depart(総合発車案内板)/TC=Tableau de Correspondance(乗換案内板)/TJ=Tableau de Jalonnement(誘導案内板)。出典 https://www.garesetconnexions.sncf/sites/default/files/field_files/2016-07/annexe_a11_information_collective_dynamique.pdf (同一URLに2回別プロンプトで当たり、原文・文書名・版・略語定義が完全一致することを確認済み)。※日本の時刻表がホーム番号を事前に確定して載せるのと対照的で、そこが日本の読者に効く「へえ」の核。※未使用の種:同規程の他の掲示ルール(遅延時の表示・アナウンス義務)／SNCF Connect FAQ の「TGV・INTERCITES・TERは発車20分前、OUIGOは30分前に駅へ」「乗車は定刻2分前まで保証(OUIGOは5分前)」という別系統の20分/30分の数字(https://www.sncf-connect.com/en-en/help/boarding-train )は今回未使用。※検証の副作用:Composioサンドボックスから garesetconnexions.sncf に curl すると DataDome のbot判定でHTMLが返りPDFを取得できない(782バイトのJSチャレンジ)。WebFetch経由なら取得可。次回この系統のフランス公的サイトに当たるときはWebFetchを使うこと。公開ポスト https://x.com/gude_aiai/status/2098334376236810428 (17:54:35 JST公開・本文82字・引用カード添付実測済み[quoted_tweet.id_str=2098252650269876280/user.screen_name=yanyan6649]・mediaDetails=None＝メディアなし・ハッシュタグなし)"
https://x.com/kurihiroshi/status/2097896339082444902,2026-09-13,"引用:「そうか、今時はマンガン電池とアルカリ電池の用途の違いとか知らんのだねぇ。」という乾電池の使い分けバズ(@kurihiroshi 8,575いいね/2026-09-10 03:53 UTC＝12:53 JST投稿・テキストのみ・引用あり)。元投稿は「用途の違いがある」という指摘のみで、その違いの中身にも理由にも一切触れていない。→上位版の軸は「マンガンが向く理由は容量の多寡ではなく“休ませると電圧が回復する”という性質」。足した一次情報:(1)←今回の核心 一般社団法人 電池工業会(BAJ)「乾電池について」Q1/Q4 https://www.baj.or.jp/knowledge/qa/battery.html ：マンガン乾電池は「休み休み使うと電圧が回復(かいふく)するという特徴があります。小さな電流で休み休み使う機器に向いています」用途例=時計・懐中電灯・リモコン・携帯ラジオ。アルカリ乾電池は「パワーがあり、長持ちです。大きな電流を必要とする機器に向いています」用途例=CDプレーヤー・MDプレーヤー・強力ライト・ミニ四駆。Q4は両者とも正極材料=二酸化マンガン／負極材料=亜鉛で同じで「材料の量や形、部品そして、中の作りが違います」と明記＝別物の化学ではなく詰め方の違い。Q2はアルカリが長持ちな理由を「二酸化マンガンと亜鉛がたくさん入っているため」と説明。(2)独立した第2の事実(本文未使用・温存):同ページQ10「四角の電池(9V形)は、1.5ボルトの電池が6つ入った電池です」マンガンは「チューインガムみたいな小さな電池が6つ重なって」、アルカリは「単4形よりさらに細い電池が6つ、2列にならんで6本」。※未使用の種:Q3 乾電池の「乾」の由来=1888年ドイツのガスナーが電解液を石膏でかためこぼれない電池を発明し「乾いた電池」と呼ばれた／Q11「単」＝単位電池の意味で1935年代中ごろまでは複数をまとめた電池が主流だった／Q15 水銀ゼロ化はマンガン1991年・アルカリ1992年／Q16 低温ほど使える時間が短くなる／Q13 同じ種類なら単1形が容量もパワーも最大。いずれも次回以降のネタ候補として温存。※マンガン乾電池の外装色(緑=標準S/青=高容量C/赤=高出力P/黒=超高性能PU)という等級説はja.wikipedia経由でしか確認できず、JIS C 8501は既にJIS C 8515:2017に統合されていて付加記号の定義を一次情報で確定できなかったため不採用。色の話は裏取りが取れるまで使わないこと。※元投稿を一切否定せず、「違いがある」という指摘にその中身と理由を足すだけの形にした。※1投稿1事実の原則により本文は(1)の回復性のみ。金銭・健康・法律に触れない題材。動画propはbaで「使い続ける→休むと戻る」を対比。公開ポスト https://x.com/gude_aiai/status/2099037956119912891 (16:30:21 JST公開・本文111字/全124字・加重242カウント・動画11.2s/720x1280/h264+aac/0.84MB/ナレーションあり・ハッシュタグ3つ[#雑学 #豆知識 #電池]・litterboxが500を返したためuguu.se経由)"
https://x.com/KOKE_1515/status/2098717335649706060,2026-09-13,"引用:「日本語勉強してる中国人の友達とチャットしてて『日本語の響きが好き』というので『僕も中国語の響きが好きだよ、なんかたまに、空を飛び回る鳥のように聞こえる』と言ったら『日本語は自分には流れる水のように聞こえる』と返ってくるというやりとりをしたんですけど、今思うとふつうに、詩」という言語の響きをめぐるバズ(@KOKE_1515／107,673いいね[公開時。確認時107,792]／2026-09-12 10:16 UTC＝09-12 19:16 JST投稿・約22.5時間前・テキストのみ・画像なし・引用なし・返信なし)。元投稿は二人の主観的な聞こえ方の交換と「それ自体が詩だった」という気づきまでで、その印象が音声学的に裏付けを持つかどうかには一切触れていない。→上位版の軸は「水のように聞こえるという印象は、実際に音声を測った研究の結果と一致している」。元投稿を一切否定せず、詩的な観察に実測を重ねる形にした(09-11朝枠の「相手の観察に辞書の裏付けを重ねる」型の変奏)。足した一次情報:(1)←今回の核心 Ramus F., Nespor M., Mehler J.「Correlates of linguistic rhythm in the speech signal」Cognition 1999;73(3):265-292 https://www.lscp.net/persons/ramus/docs/Cognition99.pdf の Table 1。英語・ポーランド語・オランダ語・フランス語・スペイン語・イタリア語・カタルーニャ語・日本語の8言語について、%V(発話全体の時間に母音区間が占める割合)と ΔC(子音区間の持続時間の標準偏差)を実測した結果、日本語は %V=53.1(SD 3.4)で8言語中最大、ΔC=3.56(SD 0.74)で8言語中最小。他の値は English %V40.1/ΔC5.35、Polish 41.0/5.14、Dutch 42.3/5.33、French 43.6/4.39、Spanish 43.8/4.74、Italian 45.2/4.81、Catalan 45.6/4.52。＝母音が占める時間の割合が飛び抜けて大きく、子音のかたまりの長さのばらつきが最も小さい＝音の粒がそろって途切れにくい。これが「流れる水のように聞こえる」という印象と同じ方向を向いている。論文の定義は verbatim で「%V = the proportion of vocalic intervals within the sentence, that is, the sum of vocalic intervals divided by the total duration of the sentence」「ΔC = the standard deviation of the duration of consonantal intervals within each sentence」。論文は日本語の位置づけを「It is therefore not surprising to find English, Dutch and Polish (more than 15 syllable types) at one end of the DC and %V scales, and Japanese (four syllable types) at the other.」と記述＝音節型が4種類しかないことが原因と説明している。※二重確認:同一PDFに別プロンプトで2回当たり、Table 1の8言語の数値・%VとΔCの定義原文・書誌(Cognition 73, 1999, 265-292)が完全一致することを確認済み。※未使用の種:ΔV(母音区間の標準偏差)の値／日本語の音節型が4種類しかないという論文の説明そのもの(本文の字数に入らず温存。次回「日本語の音節構造」で単独ネタにできる)／Ramus らの後続研究 ICPhS 2003「The psychological reality of rhythm classes: perceptual studies」／mora-timed / syllable-timed / stress-timed のリズム類型論(Pike 1945, Abercrombie 1967)という枠組みそのもの。※中国語(Mandarin)はこの8言語に含まれていないため、元投稿に出てくる中国語の側には本文で一切触れていない(裏付けのない比較をしないため)。同じ理由で国籍・外国人・言語の優劣には一切踏み込まず、日本語の音声の実測値という一点だけを足した。※元投稿の落ち「ふつうに、詩」を否定も置換もせず、本文の締めを「詩のほうが先に当ててたんだけどね」として元投稿の落ちを立てる形にした。公開ポスト https://x.com/gude_aiai/status/2099057487018090520 (17:47:58 JST公開・本文86字・引用カード添付実測済み[quoted_tweet.id_str=2098717335649706060/quoted_tweet.user.screen_name=KOKE_1515]・mediaDetails=None＝メディアなし・ハッシュタグなし・Buffer post id 6aa6633dbcabda92e1a971d3・mode:shareNow が一発通過)"
https://x.com/JREast_News/status/2097203973975351462,2026-09-13,"引用元:「Suicaの新たなイメージキャラクターの選考投票をスタートします」というJR東日本公式の告知(@JREast_News／134,580いいね／2026-09-08 15:00 JST投稿・画像あり)。「Suicaのペンギンは2027年3月31日に卒業し、同年4月1日から新たなイメージキャラクターにバトンタッチ」という卒業＋投票開始の告知に終始し、当のペンギンがどういうキャラクターとして設計されていたかには一切触れていない。→上位版の軸は「25年も主役をやってきたのに、そのペンギンには名前が無い。しかもそれは付け忘れではなく設計」。足した一次情報:(1)←今回の核心 JR東日本公式ショップ JRE MALL「Suicaのペンギン」特集ページ https://shopping.jreast.co.jp/feature/F000-7772/suicapenguin 原文「ちなみにペンギンには名前がありません。なぜなら、Suicaのペンギンは皆さま一人一人が持っている「ICカードの分身」的な存在だから！」「皆さまがSuicaカードやペンギングッズを持って外出するときに、分身としていっしょにおでかけしてくれる、そんなキャラクターなのです。」＝名前が無いことと、その理由が運営側の公式文言で明記されている。同ページは南極からやってきた設定・好物は魚肉ソーセージ・モデルはアデリーペンギンも記載＝「他の設定は全部決まっているのに名前だけ空けてある」という本文の対比の根拠。(2)裏付けの独立経路 国立国会図書館 レファレンス協同データベース 事例ID:1000355365 https://crd.ndl.go.jp/reference/entry/index.php?id=1000355365&page=ref_view (神戸市外国語大学図書館)「suicaのペンギンに名前は無いのですか」への回答で、上記JRE MALLの記述を根拠に「名前は無い」と結論。図書館のレファレンス記録として第三者が同じ結論に達している。(3)未使用だが裏取り済みの第2の事実: ペンギンはSuica用の描き下ろしではなく、先に絵本が存在した。坂崎(さかざき)ちはる作・絵『ペンギンゴコロ』文溪堂 1998年3月刊(国立国会図書館サーチ 請求記号KC482-G256で書誌確認)＝Suica導入の2001年より3年早い。宣伝会議アドタイ https://www.advertimes.com/20251111/article521499/ が『ブレーン』2019年5月号の坂崎氏インタビューを引用し、同絵本を見た広告会社担当者の依頼でキャラクターが生まれたと記述。作者本人の言葉「性別も強い個性も持たせていません」「Suicaを使う人の象徴」＝(1)の分身という設計思想と一致する。1投稿1事実の原則により本文では使わず、次回以降の単独ネタとして温存。※重要な回避事項: ITmedia 2025-11-14 https://www.itmedia.co.jp/mobile/articles/2511/14/news113.html がJR東日本に取材し「ペンギンが完全に消える」というSNS上の受け取りは誤解で、主役を譲るという変更であること、グッズや絵本のキャラクターとして残るかはJR東日本が回答を保留していることを報じている。そのため本文・動画とも卒業後にペンギンがどうなるかには一切踏み込まず、「名前が無い」という現在確定している事実だけを述べた。当初案の落ち「絵本に帰るだけ」は裏付けが取れないため不採用にした。※卒業告知には「ペンギン返して」という反発も出ているが、賛否には一切触れず、投票の是非・新キャラクターの評価にも踏み込まないで、キャラクター設計の事実紹介のみに留めた。※未使用の種: アデリーペンギンがモデル／南極出身・好物魚肉ソーセージの詳細／新キャラクター発表は2026年11月18日(Suica25周年)・投票は2026年9月8日15時〜9月23日23時59分・候補3案(いずれも時事性が高く鮮度が切れるため単独ネタにはしない)／坂崎氏の『ペンギンスタイル』1999・『ペンギンジャンプ』2000。※Suicaは電子マネーだが金銭の助言・損得には一切触れていない。公開ポスト https://x.com/gude_aiai/status/2099107098621518191 (21:05:06 JST公開・本文112字/全129字・加重233カウント・動画11.6s/720x1280/h264+aac/0.91MB/ナレーションあり・ハッシュタグ3つ[#雑学 #豆知識 #Suica]・litterboxが500を返したためuguu.se経由・mode:shareNow が一発通過)"
https://x.com/elixir_a/status/2099066701371601390,2026-09-14,"引用元:「沢登りの教本に書いてあって驚いたのが『水は低温で粘性が増すので水流の圧力が増える』という話。これまでそこそこ勉強して生きてきたつもりだったが、そんな基本的な特性を知らなかった。調べたら高校までのカリキュラムには存在しないらしい」という水の粘性のバズ(@elixir_a／7,499いいね[公開時]／2026-09-13 09:24:35 UTC＝09-13 18:24 JST投稿・約11.8時間前・テキストのみ・画像なし・引用なし)。元投稿は「低温で粘性が増す」という温度の話と、それを学校で習わなかったという驚きまでで、水の粘性が温度以外の何に反応するかには一切触れていない。→上位版の軸は「水の粘性は圧力に対しても、ふつうの液体と逆向きに動く」。元投稿を一切否定せず(『圧力が増える』という元投稿の力学的な表現にも触れず)、温度の話に圧力の話を足す形にした。足した一次情報:(1)温度側の具体値 NIST Chemistry WebBook 純水の等圧物性(0.101325 MPa, IAPWS-95/IAPWS 2008粘性式)を直接取得 https://webbook.nist.gov/cgi/fluid.cgi?Action=Data&Wide=on&ID=C7732185&Type=IsoBar&P=0.101325&TLow=0&THigh=100&TInc=25&TUnit=C&VisUnit=Pa*s ：0℃=0.0017911 Pa·s／25℃=0.00088982 Pa·s／50℃=0.00054642／75℃=0.00037737／100℃(液)=0.00028166。0℃÷25℃=2.013＝ちょうど2倍。0℃÷100℃=6.36倍。←動画barsの「25℃:0.89 / 0℃:1.79」の根拠。(2)←今回の核心 圧力側の異常。同WebBookの等温線を温度別に取得したところ、5℃では 0.2MPa=0.0015180 → 25.2MPa=0.0014865 → 50.2MPa=0.0014632 → 75.2MPa=0.0014472 → 100.2MPa=0.0014379 と圧力を上げるほど粘度が単調に下がる(100MPaで約5.3%減)。10℃・20℃でも同方向(20℃は途中で極小を取る)。一方 30℃では 0.00079722→0.00080717、40℃では 0.00065274→0.00067180 と圧力で粘度が上がる＝ふつうの液体の挙動。つまり低温側だけ符号が逆で、крoss over は20〜30℃の間にある。(3)独立した裏付け経路 London South Bank University『Water Structure and Science』Physical Anomalies of Water の異常No.F3 https://water.lsbu.ac.uk/water/physical_anomalies.html 原文「Viscosity decreases with pressure (at temperatures below 33 °C)」「Water behaves anomalously below about 30 °C, at low pressures, increasing pressure reduces viscosity instead of increasing it」＝閾値33℃が明示されている。本文の「33℃より冷たいと」はこのF3の記載に拠る。NISTの実データ(2)と独立に一致することを確認済み。※粘性式そのものの書誌は Huber ML et al.「New International Formulation for the Viscosity of H2O」J. Phys. Chem. Ref. Data 38(2), 2009, 101-125 https://srd.nist.gov/jpcrdreprint/1.3088050.pdf (20℃・0.101325MPaの基準値 1.0016 mPa·s を確認)。ただし同論文は圧力異常そのものは論じていないため、閾値の根拠には(3)を使った。※未使用の種:0℃と100℃で6.36倍という温度差の大きさ／20℃付近で粘度が圧力に対して極小を取るという挙動そのもの／水の他の異常(4℃密度最大、F1-F9の他項目)／気体は逆に温めると粘度が上がるという液体/気体の対比(NIST WebBookの空気ID C132259100 は400が返り取得できず、一次情報を確定できなかったため今回不採用。次回使うなら窒素C7727379か別の一次ソースで裏を取ること)。※1投稿1事実の原則により、本文の核心は(2)(3)の圧力異常のみ。(1)の2倍は導入の数値として置いた。※医療・法律・金銭に触れない題材。沢登り・水難の危険性や安全上の助言には一切踏み込まず、水という物質の物性の事実紹介のみに留めた。公開ポスト https://x.com/gude_aiai/status/2099245338741583944 (2026-09-14 06:14:25 JST公開・本文95字/全106字・加重202カウント・動画9.6s/720x1280/h264+aac/0.52MB/ナレーションあり・ハッシュタグ3つ[#雑学 #豆知識 #水]・litterboxが500を返したためuguu.se経由・mode:shareNow が一発通過・外部時計(google/api.buffer.com一致)とコンテナのdateにズレ無し)"
https://x.com/yurusaru66/status/2098897469656768977,2026-09-14,"引用:【引用ポスト・朝枠】引用元は「市役所ってなんで土日休みなの？ せめて日月休みとかにすれば誰も損しないのにって思ってるのは私だけなのかな。」(@yurusaru66／31,959いいね[公開時]・31,987[確認時]／2026-09-12 22:12:07 UTC＝09-13 07:12 JST投稿・約26.5時間前・テキストのみ・画像なし・引用なし・返信なし)。※この題材は 2026-09-13 夕方枠ログで『露出だけを理由に温存した確実な一本』として申し送りされていたもの(当時15,873いいね)。24時間で倍増して31,959になったため今回採用。元投稿は土日休みへの素朴な疑問と『日月休みにすれば』という提案まで。制度の沿革(いつから土日休みなのか)には一切触れていない。→足した軸は『土曜が全部休みになったのは1992年から。それ以前は第2・第4土曜だけだった』。元投稿の『日月休み』提案の可否には意図的に一切触れず(触れると否定になるため)、『なんで土日なの』の側だけに答えた。足した一次情報:(1)←核心 行政機関の休日に関する法律(昭和63年12月13日法律第91号)は制定当初、休日を第2土曜日および第4土曜日に限っており、平成4年4月2日法律第28号(一般職の職員の給与等に関する法律及び行政機関の休日に関する法律の一部を改正する法律 第2条)による改正で現行の『日曜日及び土曜日』になった。国立国会図書館デジタルコレクション日本法令索引 https://hourei.ndl.go.jp/simple/detail?lawId=0000075225 で制定日・法律番号・改正沿革(平成4年4月2日法律第28号の1件)を確認。現行第1条第1項の文言『日曜日及び土曜日／国民の祝日に関する法律に規定する休日／十二月二十九日から翌年の一月三日までの日(前号に掲げる日を除く)』を確認。(2)独立した裏付け 国立国会図書館レファレンス協同データベース 事例ID 1000286072 https://crd.ndl.go.jp/reference/entry/index.php?page=ref_view&id=1000286072 原文『1991(平成3)年12月の閣議において、国家公務員の完全週休二日制について、1992(平成4)年のできるだけ早い時期の実施が決定された』＝1992年という年が独立経路で一致。(3)市役所側の根拠条文 地方自治法第4条の2『地方公共団体の休日は、条例で定める』(第1項)、『前項の地方公共団体の休日は、次に掲げる日について定めるものとする。一 日曜日及び土曜日 二 国民の祝日に関する法律に規定する休日 三 年末又は年始における日で条例で定めるもの』(第2項)＝休みは条例で決めるが、選べる日は法律が列挙している、という本文後半の根拠。(4)当時は土曜が部分休だったことの地方側の裏付け 参議院 第115回国会(1989年)『地方公共団体の休日条例制定権と地方自治法の休日規定との関係に関する質問に対する答弁書』 https://www.sangiin.go.jp/japanese/joho1/kousei/syuisyo/115/touh/t115001.htm で当時の列挙が『日曜日、国民の祝日、各自治体が条例で定める土曜日』＝土曜が全部ではなく条例で選ぶ形だったことを確認。※重要な回避事項: 同答弁書は『同項各号に掲げる日以外の日について条例で規定することを認めない趣旨』と明言しており、元投稿の『日月休みにすれば』は法律上できない。だがこれを書くと相手の提案を数字で潰す形になり、規定の『相手の間違いを正す形の引用はしない』に真正面からぶつかるため、本文では一切触れなかった。2026-09-13夕方枠のタイタニック(50,691)・親の卒論(30,787)と同じ『否定になる』型の回避。※未使用の種:地方自治法第4条の2第3項『特別な歴史的、社会的意義を有し、住民がこぞつて記念することが定着している日』は条例で休日にできる(総務大臣への事前協議が必要)。静岡県公式『県民の日に関するQ＆A』 https://www.pref.shizuoka.jp/kensei/information/kenminnohi/1046941.html が実例として沖縄県・県内市町村の慰霊の日(6月23日)と広島市の平和記念日(8月6日)を挙げている＝極めて強いネタだが、戦争・慰霊に触れるうえ本日は沖縄県知事選がTLを占めていて政治文脈に巻き込まれるため今回は不採用。鮮度の切れた時期に単独ネタとして使うこと。／地方自治法第4条の2第4項(申請期限が休日に当たるときは翌日が期限)／1988年4月施行の改正労働基準法で週40時間労働が規定されたこと。※医療・法律相談・金銭の助言には触れず、制度の沿革という事実紹介のみ。特定の自治体・政党・選挙には一切言及していない。※本日の候補プールは沖縄県知事選(85,530/51,255/40,175/38,950/23,356ほか)と外国人・生活保護(120,370ほか)が上位を占め、規定により全除外。次点は @ndahoFischers『緑いはなぜ言わないのか』(43,422／ただし約64時間前で鮮度切れ)、@agoaniki『動くアイコンとGIF』(14,457)、@mobadventurer_c『風=緑がわからない』(4,862)。公開ポスト https://x.com/gude_aiai/status/2099299027145699421 (2026-09-14 09:47:45 JST公開・本文83字[上限100]・ハッシュタグなし・メディアなし[mediaDetails=None]・引用カード添付を syndication API で実測確認[quoted_tweet.id_str=2098897469656768977 / quoted user=yurusaru66]・Buffer post id 6aa744315e54822c9cd8630c・mode:shareNow が一発通過・外部時計 google/api.buffer.com が秒単位一致で 09:40 JST)"
https://x.com/seaparadise_ag/status/2098701836593373581,2026-09-14,"引用元:「タツノオトシゴの仲間は泳ぎが苦手なため、尾をサンゴやﾏﾂｹﾝなどに巻きつけて体を固定して休みます。(諸説あります)」(@seaparadise_ag 横浜・八景島シーパラダイス公式/19,908いいね[公開時]/2026-09-12 09:14:44 UTC＝09-12 18:14 JST投稿・約42.8時間前・画像あり・引用なし)。元投稿は「泳ぎが苦手→尾を巻きつけて休む」という行動の紹介までで、その尾の形そのものには一切触れていない。→上位版の軸は「その尾は断面が丸ではなく四角で、四角であることに力学的な理由がある」。元投稿を一切否定せず、行動の話に形の話を足す形にした。足した一次情報:(1)←今回の核心 Porter MM, Adriaens D, Hatton RL, Meyers MA, McKittrick J.「Why the seahorse tail is square」Science 2015;349(6243):aaa6683 doi:10.1126/science.aaa6683 PMID:26138983 https://pubmed.ncbi.nlm.nih.gov/26138983/ 抄録原文(verbatim)「Whereas the predominant shapes of most animal tails are cylindrical, seahorse tails are square prisms.」「We explore the mechanics of two three-dimensional-printed models that mimic either the natural (square prism) or hypothetical (cylindrical) architecture of a seahorse tail」「Our results show that the square prism is more resilient when crushed and provides a mechanism for preserving articulatory organization upon extensive bending and twisting, as compared with its cylindrical counterpart. Thus, the square architecture is better than the circular one in the context of two integrated functions: grasping ability and crushing resistance.」＝(a)ほとんどの動物の尾は円柱だがタツノオトシゴは四角柱 (b)自然の四角柱と仮想の円柱を3Dプリントして比較 (c)四角のほうが潰れに強く、大きく曲げ・ねじっても関節の並びが保たれる (d)掴む能力と耐圧の両立で四角が優る。←動画cards「ふつうの魚=丸 / タツノオトシゴ=四角」と本文の根拠。(2)独立した第2の事実 Guinness World Records「Slowest fish」 https://www.guinnessworldrecords.com/world-records/70705-slowest-fish 原文「probably never attain speeds of more than 0.016 km/h (0.001 mph)」＝時速0.016km＝時速16メートル。対象はタツノオトシゴ科(Syngnathidae)、とくにコビトタツノオトシゴ Hippocampus zosterae。※「最大でも」という限定つきの記録なので、本文では断定を避け「泳ぎは速くても時速16メートル」と上限表現にした。※未使用の種:同論文の「grasping appendages / rigid bony armor that fully encases their bodies」という骨格の鎧の記述／ロボティクス・医用機器への応用という論文の含意(Sci.News・ScienceDailyが報じているが二次情報のため不使用)／タツノオトシゴに尾びれ(caudal fin)が無いという通説(一次情報を確定できなかったため本文・動画とも一切触れていない。次回使うなら魚類形態学の一次文献で裏を取ること)／オス が育児嚢で卵を持つという定番ネタ(今回は1投稿1事実の原則で不使用、単独ネタとして温存)。※元投稿の「諸説あります」の姿勢を尊重し、こちらも実験で確かめられた範囲のみを述べ、進化の理由の断定はしていない。医療・法律・金銭に触れない題材。※本日の候補プールは日米のジャガイモ通商(64,778)・沖縄県知事選(30,067)・元ネトウヨ(16,621)など政治が上位を占め規定により全除外。虫歯菌の母子伝播(@dalis_diary2 21,857)は医療寄りのため回避。@elixir_a の水の粘性(11,222)は本日06:14の朝枠で使用済み。次点として温存:@kemedine「ウナコーワの""ウナ""はウナ電のウナ」(3,590/09-11 21:50 JST)＝語源ネタとして極めて良質、鮮度が切れる前に単独ネタで使うこと。@bus_rosen_「往路のみ立入禁止席のある北海道のバス」(10,298)は理由の一次情報が未確認のため見送り。公開ポスト https://x.com/gude_aiai/status/2099347638520881167 (2026-09-14 13:00:55 JST公開・本文109字/全123字・加重236カウント・動画10.2s/720x1280/h264+aac/0.56MB/ナレーションあり・ハッシュタグ3つ[#雑学 #豆知識 #生き物]・litterbox経由(一発成功・md5一致確認)・mode:shareNow が一発通過(status=sent が即返り)・外部時計 google/api.buffer.com が秒単位一致、コンテナのdateともズレ無し。※12:43 JST時点で投稿準備完了だったが、うだっちの12時台と重なるため13:00まで待機してから公開した。)"
https://x.com/tutor_gonta/status/2099271142846722397,2026-09-14,"引用:【引用ポスト・夕方枠】引用元は『授業中、小４の生徒さんが「関ヶ原」とか「江ノ島」に含まれる小さい「ケ」や「ノ」はカタカナなのか漢字なのか？と質問してきた。私は考えたことがない鋭い視点だと思った。調べたところ ⇒』(@tutor_gonta／11,956いいね[選定時]・12,037[公開時]・12,048[確認時]／2026-09-13 22:56:57 UTC＝09-14 07:56 JST投稿・公開時点で約9.8時間前・テキストのみ・画像なし・引用なし・返信なし)。※重要: 元投稿は本人が同時刻の連投(id 2099271144331469093／6,234いいね)で答えを出しており、内容は『小さいノ⇒カタカナ。手書きで小さく書く習慣があるだけでパソコンでも専用の文字はない。ヶ⇒箇に由来する略記号。普通のカタカナとは違う。パソコンでも専用の文字がある。ちなみに々⇒新漢語林に載っているが記号であり漢字ではない』。つまり由来の説明は本人が済ませているため、同じ答えを繰り返すと絡みになり、違う答えを出すと否定になる。→そこで足した軸は『その専用の文字は、文字コードの規格の上では片仮名として登録されている』という一段先の事実にした。本人の『箇の略／普通のカタカナとは違う』を一切否定せず、むしろ前提として立てたうえで皮肉を重ねる形(これ、続きがあって型)。足した一次情報:(1)←核心 Unicode 標準のコード表 The Unicode Standard, Katakana, Range 30A0-30FF https://www.unicode.org/charts/PDF/U30A0.pdf で、U+30F6 の正式名称が KATAKANA LETTER SMALL KE であり、片仮名ブロック(30A0-30FF)に収録されていることを確認。あわせて U+30F5 が KATAKANA LETTER SMALL KA、U+30B1 が KATAKANA LETTER KE であることも確認。(2)独立した裏付け経路 Unicode Character Database の原典データを直接取得。https://www.unicode.org/Public/UCD/latest/ucd/UnicodeData.txt の該当行が verbatim で『30F6;KATAKANA LETTER SMALL KE;Lo;0;L;;;;;N;;;;;』＝正式名称と一般カテゴリ Lo(Letter, other)を確認。(3)さらに独立した3経路目 https://www.unicode.org/Public/UCD/latest/ucd/Scripts.txt の該当行が verbatim で『30A1..30FA ; Katakana # Lo [90] KATAKANA LETTER SMALL A..KATAKANA LETTER VO』＝U+30F6 はこの範囲の内側にあり、Script プロパティが Katakana に分類されていることを確認。＝『由来は漢字の箇なのに、文字コードの分類上は片仮名』という本文の主張が、コード表・UnicodeData・Scripts の3つの原典で独立に裏付けられている。※執筆上の判断: 本文では『片仮名ではない』とも『片仮名である』とも断定せず、規格上の分類がどうなっているかという事実だけを置いた。元投稿および本人の回答連投を一切否定していない。※未使用の種(次回以降のストック): 小さい『ヵ』は U+30F5 KATAKANA LETTER SMALL KA で、これも片仮名ブロック／『々』は U+3005 IDEOGRAPHIC ITERATION MARK で片仮名ブロックではなく CJK Symbols and Punctuation に入る(本人が々にも触れているため今回は温存)／Scripts.txt で U+30FF KATAKANA DIGRAPH KOTO という1文字で『コト』を表す片仮名が存在すること／地名側の論点として藤沢市の町名は『江の島』でひらがな、小田急と江ノ電の駅名は『江ノ島』、湘南モノレールは『湘南江の島』と表記が割れていること(これは地名・自治体の一次情報を取り直す必要があるため未検証。次回やるなら藤沢市公式の町名一覧に当たること)。※本日の候補プールは沖縄県知事選と外国人・移民関連が上位の大半を占め規定により全除外。次点候補は @kuraage2『男女どっちでもいける名前っていいよね』(26,275／19.6h／足す一次情報の当たりが付かず見送り)、@Ravi_rabbits22『ちいかわ→ラブブ→シール→めじるしのイナゴの大群』(17,915／足せる事実なし)、@agoaniki『動くアイコンとGIF』(14,842／09-14朝枠から連続で次点)、@hnk_mt『父が産婦人科の経腹エコーのシステムを作った』(11,239／カラードプラの話として足せるが妊娠・健康に隣接するため回避)。※@elixir_a『水は低温で粘性が増す』(12,623／23.3h)は題材として良かったが、本日06:14の通常投稿が水の粘度そのものだったため重複回避で除外。公開ポスト https://x.com/gude_aiai/status/2099419780641939535 (2026-09-14 17:47:35 JST公開・本文79字[上限100]・ハッシュタグなし・メディアなし[mediaDetails=None]・引用カード添付を syndication API で実測確認[quoted_tweet.id_str=2099271142846722397 / quoted user=tutor_gonta]・user.screen_name=gude_aiai を確認・Buffer post id 6aa7b4a760c11f90a1c7ca31・status=sent / sentAt 2026-09-14T08:47:35.876Z・mode:shareNow が一発通過・外部時計 google/api.buffer.com が秒単位一致で 17:40:50 JST・当日の引用は朝1本＋夕方1本＝上限どおり2本)"
https://x.com/lovemyfakelife/status/2099004425620369725,2026-09-14,"引用元:「岩倉使節団って何で英語話せたんだろう？やっぱ移動時間に鉄壁とかやってたのかな」という素朴な疑問のバズ(@lovemyfakelife/59,767いいね[選定時]/2026-09-13 11:08 UTC＝09-13 20:08 JST投稿・公開時点で約25時間前・テキストのみ・画像なし・引用なし)。※ツイートIDは Yahoo!リアルタイム検索経由で収集したもので、本文・いいね数・投稿時刻は cdn.syndication.twimg.com の tweet-result で実測。元投稿は「英語をどこで身につけたのか」という語学の疑問のみで、使節団が現地で何をして何に躓いたかには一切触れていない。→上位版の軸は「英語以前に、条約を結び直すための書類そのものを持って行っていなかった」。元投稿を一切否定せず(英語力の話には踏み込まず)、題材だけ借りて交渉の実務の話を足す形にした。足した一次情報:(1)←今回の核心 国立公文書館アジア歴史資料センター(JACAR)「明治150年インターネット特別展 岩倉使節団～海を越えた150人の軌跡～」コラム3 https://www.jacar.go.jp/iwakura/column/column3.html (ミラー https://www.jacar.go.jp/exhibition/iwakura/column/column3.html )原文「3月11日、第1回日米会談が米国国務省で開催されました。ここで早速、日本側は条約改正期限の延長を要請し、今後の改正交渉の相談も含めて米国側と交渉しました。さらに、日本側にも条約調印の権限があることを強調しました。しかし、米国国務省長官フィッシュは、日本側が全権委任状を取得していなかったため、条約について協議はできても、調印はできないと主張しました。」＝協議はできても調印ができない、という状態で渡米していた。(2)取りに帰った往復の実尺。同ページ原文「3月20日には、その準備として、伊藤・大久保は全権委任状を取得するため一時的に日本に帰国しました。それから約4ヶ月が経った7月22日、伊藤・大久保が全権委任状を取得してワシントンに到着しました。」＝3月20日発→7月22日着で約4ヶ月。←本文と動画の落ちの数字の根拠。(3)←落ち 戻った当日に交渉が終わっている。同ページは7月22日に伊藤・大久保が第11回会談に参加し「日本側の提案を米国側に拒否されたため、改正交渉は合意に達することなく決裂しました」「11回にもわたる米国との交渉は失敗に終わり、以後、他国との改正交渉の実質的進展もほとんどありませんでした」と記述。※二重確認:同一URLに別プロンプトで2回当たり、3月11日/3月13日/3月20日/7月22日の日付、フィッシュ国務長官の主張、約4ヶ月、第11回会談での決裂がすべて一致することを確認済み。周辺事実として1872年2月29日ワシントン到着・3月4日グラント大統領謁見と国書奉呈も取得し、動画cardsの「渡せた物=国書/忘れた物=委任状」の対比の根拠にした。※独立経路の裏付け 国立公文書館「近代国家 日本の登場 4.岩倉使節団」 https://www.archives.go.jp/exhibition/digital/modean_state/contents/Iwakura-mission/index.html 原文「明治4年(1871)11月、岩倉具視を全権大使として、右大臣に就任したばかりの木戸孝允、参議兼文部卿の伊藤博文ほか、政治家・学者を含め100名を超える使節団が、一路欧米に向かった」「明治6年9月、使節団は、約1年10ヶ月ぶりに帰国を遂行した」「目的は、日本を列強と認めさせるための不平等条約の改正と、欧米の文明を学ぶことにあり、さらに各国の政治・法律・産業を調査すること」＝出発/帰国/目的/規模を確認。ただし同ページに全権委任状の記述は無いため、委任状の件の出典はJACARに一本化した。国立国会図書館「史料にみる日本の近代 1-7 岩倉遣外使節団」 https://www.ndl.go.jp/modern/cha1/description07.html は「条約改正の準備および諸外国の制度・文物の調査を行った」までで委任状には触れておらず、裏付けには使えなかった(次回この系統を扱うときはNDLに委任状の記述を期待しないこと)。外務省 外交史料館 日本外交文書デジタルコレクション 条約改正関係第1巻 https://www.mofa.go.jp/mofaj/annai/honsho/shiryo/archives/b4-1.html は目次ページのみでWebFetchでは本文PDFに到達できず(「第2章 岩倉大使ノ欧米各国ニ於ケル条約改正商議」のPDFリンクは存在する)。次回この件を深掘りするならPDFを直接落とすこと。※未使用の種:1872年3月13日に岩倉が木戸・大久保・伊藤を集めて協議し本格的な改正交渉に着手すると決定した経緯／伊藤・大久保が帰国直前に「領事裁判権と関税自主権はいくつかの条件を満たせば今後の交渉次第で達成できる可能性がある」との見解で合致していたこと／2月29日ワシントン到着・3月4日グラント大統領謁見の詳細／使節団に同行した5人の女子留学生(津田梅子ら。津田塾大学の当該ページは404で一次情報を取得できず、次回使うなら別の公式URLで裏を取ること)／久米邦武『米欧回覧実記』。※元投稿の論点である「使節団の英語力」そのものには本文・動画とも一切触れていない(通訳の同行や個々人の語学力について一次情報を確定できなかったため。次回このネタを再訪するなら何礼之ら通訳の同行を一次情報で確定させること)。※政治・外交の是非、特定国への評価には一切踏み込まず、150年前の交渉実務の事実紹介のみに留めた。医療・法律・金銭に触れない題材。※本日の候補プールは沖縄振興予算・沖縄県知事選(10,174/4,625/4,292ほか)と在留資格・外国人(9,069/3,253)が上位を占め規定により全除外。会陰切開(5,040/5,027)・ADHD(6,353)は医療のため回避。次点として温存:@Purin_lala_mode「Safariは500個までしかタブが開けない」(6,679/09-14 17:41 JST＝当日中で鮮度最良だが、500という数値をApple公式で確定できる見込みが立たず見送り。次回やるならApple公式サポート文書で上限の記載を探すこと)、@en_iolp「東北は挨拶の代わりに目的を言う」(4,231/方言の一次情報が取れず見送り)、@takizawa0914「ごみトリビア・マイクロビーズの出し方」(8,226/自治体公式で裏が取れるので次回候補)。※前回ログからの申し送り @kemedine「ウナコーワの''ウナ''はウナ電のウナ」(3,590/09-11)は今回も未使用のまま温存。公開ポスト https://x.com/gude_aiai/status/2099469014149845401 (2026-09-14 21:03:13 JST公開・本文108字/全120字・加重237カウント・動画16.7s/720x1280/h264+aac/1.52MB/ナレーションあり・ハッシュタグ3つ[#雑学 #豆知識 #歴史]・litterbox経由(一発成功・HTTP200/video/mp4/1593521バイト・md5 15c646d0f826e782d23481fce825ed54 が元ファイルと一致)・mode:shareNow が一発通過(status=sent が即返り・Buffer post id 6aa7e27ca5f5a0dfae5425df・sentAt 2026-09-14T12:03:14.127Z)・syndication APIで user.screen_name=gude_aiai / mediaDetails=[''video''] を実測確認・外部時計 google/api.buffer.com が秒単位一致、コンテナのdateともズレ無し。※20:44 JST時点で動画と公開URLの検証まで完了していたが、うだっちの20時台と重なるため21:03まで待機してから公開した。)"
https://x.com/takumijp7/status/2099332317420327304,2026-09-15,"引用元:「高校生のとき、物理の先生に教わりました。『純粋な青いインクを数滴入れて白い服をすすぐと、新品みたいになりますよ』と。何年も続けているけれど、本当に新品みたいに保てています。」(@takumijp7/39,998いいね[選定時]/2026-09-14 03:00:02 UTC＝09-14 12:00 JST投稿・公開時点で約18.2時間前・画像あり・引用なし)。元投稿は『青いインクを足すと白が新品みたいに保てる』という実践の紹介のみで、なぜそうなるのかという原理には一切触れていない。→上位版の軸は『白さの採点式そのものが青に加点するようにできていて、理論上の完全な白より青い布のほうが高い点になる』。元投稿を一切否定せず(効果があるという体験を肯定したまま)、原理の側を足す形にした。足した一次情報:(1)←今回の核心 CIE Whiteness の式と設計思想。Konica Minolta Sensing『Whiteness Indices and UV Standards』 https://sensing.konicaminolta.asia/wp-content/uploads/2017/08/Whiteness-Indices-and-UV-Standards.pdf 原文『WCIE = Y + 800(xn - x) + 1700(yn - y)』および『As the eye will judge slightly bluish materials of otherwise uniform reflectance as brighter than the ideal reflecting diffuser』＝少し青みがかった素材は理想の完全拡散反射面より明るいと目が判断する、という前提の上に式が組まれている。同PDFは蛍光増白剤についても『Optical brighteners absorb energy from the electromagnetic spectrum in the non-visible UV area (mostly below 400nm) and emit that energy in a wider spectrum than was absorbed in the range between 400-480nm.』と記述。(2)独立経路の裏付け X-Rite『Whiteness and Yellowness Indices in a SpectroEye』 https://www.xrite.com/service-support/whiteness_and_yellowness_indices_in_a_spectroeye 原文『by a yellowish tint it decreases the value and a bluish tint increases the value』＝黄みで値が下がり青みで値が上がる。(3)3経路目 Nature Scientific Reports 2026『Quantifying whiteness tolerance for fluorescent textiles using color-difference formulas』 https://www.nature.com/articles/s41598-026-50264-0 Eq.1『WI = Y + 800(x0 - x) + 1700(y0 - y)』、Eq.2『Tw = 900(x0 - x) - 650(y0 - y)』、FWA機構『FWAs absorb ultraviolet light, specifically within the UV-A range (340-370 nm), and subsequently emit light in the blue region of the visible spectrum (400-450 nm)』。(4)100点の基準 Wikipedia『Whiteness (colorimetry)』原文『W increases with whiteness, reaching 100 for the perfect diffuser』＝完全拡散反射面が100。式の形から青方向に振れた試料は加点され100を超える。※本文の『理論上いちばん白い面が100点で、少し青い布はそこを超えてしまう』は(1)(2)(4)の組み合わせで、3経路が独立に同方向で一致することを確認済み。※未使用の種:花王 製品Q&A『蛍光増白剤とは？』 https://www.kao.com/jp/qa/detail/15864/ 原文『蛍光増白剤(蛍光剤)は、目に見えない紫外線を吸収して、目に見える青白い光(蛍光)に変えるため、見た目の白さを増す効果があります』＝洗剤に最初から同じ理屈が入っているという話。1投稿1事実の原則により今回は本文・動画とも未使用で、次回以降の単独ネタとして温存(『当たった光より多く可視光を返す』の切り口で組める)。同じく未使用:CIE Whiteness の有効範囲 40 < W < 5Y-280 という条件式／tint value Tw の符号で緑寄り赤寄りを判定する仕組み／青味付け(bluing)の歴史。※洗剤・漂白剤の使い方や衣類が傷むか等の助言には一切踏み込まず、色の測り方の規格という事実紹介のみに留めた。医療・法律・金銭に触れない題材。※本日の候補プールは中村ゆりさん訃報(54,588/34,329/15,850)が最上位だが訃報のため規定により除外。@Purin_lala_mode『Safariは500個までしかタブが開けない』(13,570)は09-14夕方枠ログと同じくApple公式で500という数値を確定できる見込みが立たず今回も見送り。@koyayaoki『Rakuten Casa』(12,690)は特定企業のサービス紹介で広告色が出るため除外。@junjun_zz_『健康保険の扶養制度が廃止されそう』(5,916)は制度・金銭のため除外。次点として温存:@reraku『キョウチクトウは言うほど猛毒ではない』(1,010/毒性の話で健康寄りのため見送り)。前回からの申し送り @kemedine『ウナコーワのウナはウナ電のウナ』(3,590/09-11)は今回も未使用のまま温存。公開ポスト https://x.com/gude_aiai/status/2099607712879321573 (2026-09-15 06:14:22 JST公開・本文115字/全128字・加重247カウント・動画13.7s/720x1280/h264+aac/0.84MB/ナレーションあり・4ビート・face=neutral/think/surprise/flat・ハッシュタグ3つ[#雑学 #豆知識 #洗濯]・litterbox経由(一発成功・HTTP200/video/mp4/884473バイト・md5 decfcc98fae7f073273b018423d841fb が元ファイルと一致)・mode:shareNow が一発通過(status=sent が即返り・Buffer post id 6aa863aaf1b6da68ddc93b61・sentAt 2026-09-14T21:14:22.487Z)・syndication APIで user.screen_name=gude_aiai / mediaDetails=['video'] を実測確認・外部時計 google/api.buffer.com が秒単位一致で 2026-09-14 21:06:05 UTC、コンテナのdateともズレ無し。※重要な障害: Composioサンドボックス内の run_composio_tool と proxy_execute がともに401(project API key revoked or expired)を返し、COMPOSIO_SEARCH_TOOLS で新セッションを張り直しても解消しなかった。used_sources.csv は142KBあるため COMPOSIO_MULTI_EXECUTE_TOOL 経由で追記するには全文をモデル出力に通す必要があり、取り違え・欠損のリスクが高いので本行はこのファイルに退避した。次回実行時、サンドボックス内 run_composio_tool の復旧を確認したうえで、このファイルの行を used_sources.csv の末尾に併合してから本ファイルを削除すること。なお選定時の重複チェックは used_sources.csv と本ファイルの両方を見ること。)"
https://x.com/hiiragi_magne/status/2099469920593662112,2026-09-15,"引用:【引用ポスト・朝枠】引用元は「フレネミー（友だちのフリをした敵）」というカタカナ語の紹介ポスト(@hiiragi_magne／34,710いいね[選定時]・34,752[確認時]／2026-09-14 12:06:49 UTC＝09-14 21:06 JST投稿・公開時点で約12.6時間前・テキストのみ・画像なし・引用なし・返信なし)。元投稿は語の意味を一行で示すだけで、語の来歴には一切触れていない。→足した軸は『広まりの起点は1953年のコラムニストで、冷戦下のソ連を指して使った』＋『さらに古い用例が1891年のカンザスの新聞にある』。元投稿の語義説明を一切否定せず、来歴の側だけを足した。足した一次情報:(1)←核心 1953年、コラムニストのウォルター・ウィンチェルが Nevada State Journal に Howz about calling the Russians our Frienemies? と書いたのが frenemy の広まりの起点とされる(Wikipedia 英語版 Frenemy https://en.wikipedia.org/wiki/Frenemy )。(2)独立経路の裏付け Kinfolk 誌 Word: Frenemy https://www.kinfolk.com/stories/word-frenemy/ 原文 frenemy is thought to have been coined in 1953 when American gossip columnist Walter Winchell suggested applying it to the fraught relationship between Russia and the United States ＝1953年・ウィンチェル・米ソ関係という3点が独立に一致。(3)最古の用例 1891年12月17日、カンザス州ノートンの新聞 The Champion が George A. Spaulding について not in the hands of his frienemies と書いている(Wikipedia 英語版 Frenemy)。(4)辞書側の裏付け Merriam-Webster frenemy https://www.merriam-webster.com/dictionary/frenemy は first known use を 1891年 とし、語源を blend of friend and enemy と記載＝1891年という年が辞書と百科の2経路で一致。※本文では『言い出したとされる』と留保を付けた。1953年は coined とされる通説であり、1891年の用例が先行するため断定を避けた。※未使用の種:アンビバレントな対人関係(好きでも嫌いでもある相手)は、純粋に嫌いな相手より血圧や心血管反応が上がるという研究系列(Uchino / Holt-Lunstad ほか。Social Ambivalence and Disease モデル、Perspectives on Psychological Science 2019／Its Complicated: Marital Ambivalence on Ambulatory Blood Pressure, Annals of Behavioral Medicine 2015 https://pubmed.ncbi.nlm.nih.gov/25964001/ )＝極めて強いネタだが健康・血圧に触れるため引用では使わず、数値を原文で確定させたうえで通常投稿の単独ネタとして温存すること。※本日の候補プールは沖縄県知事選(68,842/46,298/37,822/30,169/20,474ほか)・外国人と生活保護(22,257/13,446)・訃報(56,493)・富士山ヘリ救助有料化(73,606/36,440)が上位を占め、規定により全除外。次点として落とした候補:@tutor_gonta 関ヶ原のケは漢字かカタカナか(30,201)＝題材は理想的だが 2026-09-14 夕方枠で既に使用済み(台帳のID・ハンドル両方で機械検出してブロック)。@Cie_LXX 10分を0.1hと書く同僚(29,533)＝相手の間違いを正す形になるため除外。@hare_wk877 ジムリーダーの集合写真(241,661)・@Kikki_atumori あつ森データ消去(126,414)＝画像ありきまたは個人の不幸で足す余地なし。@koyayaoki 楽天Casa(13,890)＝特定企業への苦情。@unagi_no_akg 会陰切開(6,270)＝健康。※前回からの申し送り @ndahoFischers 緑いはなぜ言わないのか は今回もプールに出ず、通常投稿の単独ネタとして温存継続。公開ポスト https://x.com/gude_aiai/status/2099660890765185533 (2026-09-15 09:45:40 JST公開・本文87字[上限100]・ハッシュタグなし・メディアなし[mediaDetails=None]・引用カード添付を syndication API で実測確認[quoted_tweet.id_str=2099469920585，訂正 2099469920593662112 / quoted user=hiiragi_magne / user.screen_name=gude_aiai]・Buffer post id 6aa895347c6c16e04a144abe・mode:shareNow が一発通過[createPost 時点で status=sent]・外部時計 google/api.buffer.com が秒単位一致で 2026-09-15 00:41:16 UTC＝09:41 JST、コンテナのdateともズレ無し・当日の引用ポストは0件を Buffer 台帳で確認してから公開)"
https://x.com/tsukarium/status/2099111894351306816,2026-09-15,"引用元:「「上越市立水族博物館うみがたり」の空間美」(@tsukarium／28,173いいね[選定時]／2026-09-13 12:24:09 UTC＝09-13 21:24 JST投稿・公開時点で約39.6時間前・画像あり・引用なし・返信なし)。元投稿は建築と水槽の見え方＝空間美の紹介のみで、この館が何を飼っているか・どんな指定を受けているかには一切触れていない。→上位版の軸は「日本の水族館が、地球の裏側のアルゼンチンの州政府から重要繁殖地の指定を受けている」。題材だけ借りて建築の話には一切触れず、中身の話を足す形にした。足した一次情報:(1)飼育数 上越市公式「上越市立水族博物館 うみがたり」施設概要 https://www.city.joetsu.niigata.jp/soshiki/kyouikusoumu/sinnsui-aramasi.html ：延床面積約8,500㎡・鉄筋コンクリート3階建、マゼランペンギンを約120羽飼育。うみがたり公式マゼランペンギンページ https://www.umigatari.jp/joetsu/animals/penguin/ は「飼育数日本一！」と明記し、「マゼランペンギンはアルゼンチン共和国のプンタトンボが世界最大の繁殖地です」と記述。※公式の表記は「日本一」であり「世界一」は二次情報どまりのため、本文でも「日本でいちばん」に留めた。(2)←今回の核心 生息域外重要繁殖地の指定。上越タウンジャーナル https://www.joetsutj.com/articles/24171478 ：指定主体は「アルゼンチン・チュブ州政府」、2019年10月16日、「指定は国内初となる」、「現在、うみがたりには124羽のマゼランペンギンがおり」と記述。指定の定義は「水族館や動物園、保護センターといった実際の生息地以外の場所で、生物が十分に繁殖できる環境が整えられ、絶滅の恐れから救うために重要な地と認められるもの」。(3)独立した裏付け経路 上越妙高タウン情報 https://joetsu.yukiguni.town/l-news/96370/ ：「アルゼンチン共和国チュブ州政府」から「国内で初めてマゼランペンギンの生息地域外重要繁殖地として指定を受けた」、上越市の野口副市長らが2019年10月14日〜20日にチュブ州を訪問し「マゼランペンギンの保全に関する協力協定書の附属文書を締結した」。＝指定主体・国内初・2019年10月が2経路で一致。(4)落ちの地理的根拠 Punta Tombo は Chubut 州にある(en.wikipedia Punta Tombo https://en.wikipedia.org/wiki/Punta_Tombo 「a large colony of Magellanic penguins - the largest such colony in Argentina」)。＝指定してきた州が、そのまま本場の州。※ただし同ページの表現は「largest such colony in Argentina」であり「世界最大」ではないため、本文では「世界最大」と書かず「本場に認められた」に留めた(うみがたり公式は世界最大と書いているが、表現が割れているので弱いほうに寄せた)。※未使用の種:初代の経緯＝1933年7月23日に能生町の瀧榮六郎氏が能生水族館を開館→冬期休館中に波浪で破壊され、1934年7月21日に直江津町の八坂神社境内へ移転・新築したのが上越市立水族博物館のはじまり(上越市公式「上越市立水族博物館の生い立ち」 https://www.city.joetsu.niigata.jp/soshiki/koubunsho/naoetsutenji04.html )＝単独ネタとして極めて良質、次回温存／現在のうみがたりは2018年6月26日開館／入館料・アクセス／プンタトンボの個体数推移(1982年100万羽超→1999年約40万羽→2017年100万羽超)。※動物の絶滅・保全に触れるが、政治・医療・金銭には一切触れていない。元投稿の空間美の評価は否定も言及もしていない。※本日の候補プールは訃報(57,418)・沖縄県知事選(27,006ほか)・外国人/移民(10,941ほか)・炎上系が上位の大半を占め規定により全除外。次点として温存:@takizawa0914「ごみトリビア マイクロビーズの捨て方」(9,793／清掃員の実務で良質だが一次情報の当たりが付かず見送り)、@MIKITO_777「オデュッセイアとオデッセイ」(10,898／本人が既に説明済みで足す余地なし)、@ginxxxx_xx「47都道府県 難読地名」(5,490／画像依存で焦点が定まらず見送り)、@morio_yoshida「パガニーニのカプリス」(6,122／作曲者の身体の話に寄りやすく回避)。公開ポスト https://x.com/gude_aiai/status/2099709985403883809 (2026-09-15 13:00:45 JST公開・本文119字・加重229カウント・動画14.3s/720x1280/h264+aac/0.88MB/ナレーションあり・ハッシュタグ3つ[#雑学 #豆知識 #ペンギン]・litterbox経由(一発成功・md5一致確認 72547d7a2cad73543647cd9e8fbaa618)・mode:shareNow が一発通過で status=sent が即返り・Buffer post id 6aa8c2e97c6c16e04a181ba9・外部時計 google/api.buffer.com が秒単位一致、コンテナのdateともズレ無し・12:47 JST時点で準備完了だったが、うだっちの12時台と重なるため13:00まで待機してから公開した)"
https://x.com/misyeru_tennis/status/2099437280486363551,2026-09-15,"引用:【引用ポスト・夕方枠】引用元は「小切手廃止になるから『好きな金額書け』って小切手渡してくる跡部様はもう存在しないんだと思うと泣ける」(@misyeru_tennis／16,088いいね[選定時]・16,151[確認時]／2026-09-14 09:57:07Z=09-14 18:57 JST投稿・約22.8時間前／テキストのみ・画像なし・引用なし・返信なし)。足した一次情報=紙の手形・小切手の交換枚数はピークの1979年に4億3,486万枚(地銀協レポートVol.5)、2024年でも1,967万枚(全銀協2025-03-26公表)。電子交換所での手形・小切手の交換は2027年度初から廃止(全銀協2025-03-26)。2026年度末までにゼロという目標には未達。本文91字・ハッシュタグなし・メディアなし。公開=2026-09-15 17:46:36 JST / https://x.com/gude_aiai/status/2099781921110732828 / Buffer post id=6aa905ece67c52e837d720d5 / mode=shareNow一発通過。着弾確認=syndication APIで user.screen_name=gude_aiai / quoted_tweet.id_str=2099437280486363551 / quoted user=misyeru_tennis / mediaDetails=None。"
https://x.com/masayan59896607/status/2099433758181171338,2026-09-15,"引用元:「ワイ『オケラの正式名称がケラって知ってる？』 友達『この上なくどうでもええな』 ワイ『ケラが鳴くって知ってる？』 友達『びっくりするくらいどうでもええな』 ここまでケラに興味のない人間がこの世にいた」という虫の名前と鳴き声のバズ(@masayan59896607／4,841いいね[選定時]／2026-09-14 09:43:08 UTC＝09-14 18:43 JST投稿・公開時点で約26.3時間前・テキストのみ・画像なし・引用なし・返信なし)。元投稿は『オケラの正式名称はケラ』『ケラは鳴く』という2点の提示までで、その鳴き声が歴史的に何と誤認されてきたかには一切触れていない。→上位版の軸は『ケラの声は昔からミミズの声だと思われてきて、その誤解が今も秋の季語として辞書に残っている』。元投稿を一切否定せず(『ケラが鳴く』を前提として立てたうえで)、その声の受け取られ方の歴史を足す形にした。足した一次情報:(1)←今回の核心 国立国会図書館 レファレンス協同データベース 事例ID:1000269443(鹿島市民図書館) https://crd.ndl.go.jp/reference/entry/index.php?page=ref_view&id=1000269443 ：『蚯蚓鳴く』は秋の季語として歳時記に立項されているが、根拠資料『角川俳句大歳時記 秋』(2006年)によればミミズには発声器官がなく実際には鳴かない。秋の夜に土からする音は『螻蛄(おけら)の鳴き声と混同した』ものとされる。＝鳴いているのはケラ、という本文の核心の出典。同事例は柳田国男が紹介した説話として『ミミズが歌のうまい蛇から目と声を交換した』という由来も紹介している(本文未使用・温存)。(2)独立した裏付け経路 三鷹市 公式サイト「ケラ(螻蛄)ケラ科」 https://www.city.mitaka.lg.jp/c_service/011/011210.html 原文『独特の鳴き声は、日本では古来「ミミズの鳴き声」と信じられていたそうです』『ケラの「ビー」という声が聞こえ始めるのも4月初旬からです』『前脚は太く頑丈に発達し、かつ数本の突起があって』『この前脚で土をかき分けて土中を進みます』『長く発達した後羽を広げてよく飛び、夜、灯火に飛来することもあるそうです』＝自治体公式で『ミミズの声と信じられていた』が独立に確認できる。(3)季語としての現況の3経路目 季語と歳時記 https://kigosai.sub.jp/001/archives/2575 ：『蚯蚓鳴く』の分類は三秋。解説原文『季語の世界では、春に亀が鳴き、秋には蚯蚓が鳴く。実際、亀も蚯蚓も鳴いたりはしない。』＝誤りと分かったうえで季語として現役である、という落ちの裏付け。※未使用の種:柳田国男の『ミミズが蛇と目と声を交換した』説話(次回以降の単独ネタとして温存)／『亀鳴く』が春の季語として同じ構造で存在すること(極めて強い次回候補)／ケラの鳴き始めが4月初旬・前脚の突起・後翅で飛んで灯火に飛来するという生態(1投稿1事実の原則で今回は不使用)／ケラが泳ぐという通説は三鷹市ページに記載がなく一次情報を確定できなかったため本文・動画とも一切触れていない(次回使うなら昆虫学の一次文献で裏を取ること)。※元投稿の『オケラの正式名称がケラ』という主張の正否には本文で一切触れていない(和名の正式性を一次情報で確定できなかったため。否定にも肯定にもならない形にした)。※医療・法律・金銭に触れない題材。生き物・ことばの由来という安全圏。※本日の候補プールは沖縄県知事選・辺野古(18,940/6,140ほか)と外国人・刑務所(54,599/53,066/4,281)が上位を占め規定により全除外。中村ゆりさん訃報(58,409/18,314)は訃報のため除外。片頭痛(14,431)・美容施術(6,776)は医療のため回避。ゲーム/アニメの公式告知(123,980/18,976/14,446ほか)は広告色のため除外。次点として温存:@invariant137『オデュッセイアは全部オデュッセウスの言い訳説』(2,907／3000未満で今回は基準外だが題材は良質)、@loveifievol『ピッピが踊る理由』(15,511／版権キャラのため回避)。前回ログからの申し送り @kemedine『ウナコーワのウナはウナ電のウナ』(3,590/09-11)は医薬品ブランドに触れるため今回も見送り、@takizawa0914『ごみトリビア』(8,226)は未使用のまま温存。※バズ収集はキーワードを3セット回した(1回目『豆知識/実は知らなかった』系=候補7件・全除外、2回目『知らんかった/語源』系=候補15件・全除外、3回目『ずっと勘違いしてた/正式名称/名前の由来』系=候補33件で本件を採用)。公開ポスト https://x.com/gude_aiai/status/2099831279722127693 (2026-09-15 21:02:44 JST公開・本文102字・加重198カウント・動画10.1s/720x1280/h264+aac/0.55MB/ナレーションあり・ハッシュタグ3つ[#雑学 #豆知識 #季語]・litterbox経由(一発成功・HTTP200/video/mp4/573911バイト・md5 a668aa7e97a3c89204f3c5cbcfcfeccb が元ファイルと一致)・mode:shareNow が一発通過(status=sent が即返り・Buffer post id 6aa933e1b7777bb76b46d95d・sentAt 2026-09-15T12:02:44.926Z)・syndication APIで user.screen_name=gude_aiai / mediaDetails=[video] を実測確認・外部時計 google/api.buffer.com が秒単位一致、コンテナのdateともズレ無し(11:35:57 vs 11:36:05 UTC)。※20:42 JST時点で動画と公開URLの検証まで完了していたが、うだっちの20時台と重なるため21:02まで待機してから公開した。※待機中の11:54 UTC頃にComposioサンドボックスがクラッシュしたが、動画は既にlitterboxに上がっておりURLも検証済みだったため、新しいサンドボックスからmd5を再確認して投稿を続行した(教訓:動画は早めに外部URL化しておくとサンドボックス喪失に耐えられる)。)"
https://x.com/takizawa0914/status/2099632429841744050,2026-09-16,"元ネタ:「【今日のごみトリビア】マニキュアの捨て方に困っていたら、この方法をやってください。固まっていれば、そのまま不燃ごみで大丈夫ですが、液体が残っていたら、中身をいらない布等に染み込ませてから、容器を不燃ごみで出してください！布は乾いたら、可燃ごみでお願いします！」(@takizawa0914／6,344いいね[選定時]／2026-09-14 22:52:35 UTC＝09-15 07:52 JST投稿・公開時点で約22.5時間前・画像あり・引用なし・返信なし)。※この発信者は 09-14 夜枠ログ・09-15 昼枠ログで「自治体公式で裏が取れるので次回候補」として2度申し送られていたが、元ネタURLとしては未使用だったことを used.csv の第1列で機械確認したうえで今回採用。元投稿はマニキュア1品目の出し方という手順の案内までで、ごみの現場で実際に何が起きているかには一切触れていない。→上位版の軸は「ごみの収集車と処理施設では、年2万3千件の発煙・発火が起きている」。元投稿の手順を一切否定も補足もせず(可燃/不燃の分別の正否には触れず)、題材だけ借りて現場の規模の話を足す形にした。足した一次情報:(1)←今回の核心 環境省 環境再生・資源循環局 廃棄物適正処理推進課「リチウムイオン電池の適正処理の現状」(2026年5月14日) https://lithium.env.go.jp/recycle/waste/lithium_1/pdf/20260514_genjyo_01.pdf 原文「廃棄物としての排出も増加傾向にあり、廃棄物処理時のリチウムイオン電池に起因すると疑われる火災事故等が発生。令和６年度の発生件数は9,923件(発煙・発火を含む発生件数：23,068件)であった。」＝令和6年度 全件数23,068件／出火まで至った件数9,923件。23,068÷365＝63.2で「1日あたり60件を超える」。調査名は「一般廃棄物処理実態調査」、対象は廃棄物処理施設および収集運搬車両。※同一PDFに別プロンプトで2回当たり、23,068/9,923/8,543の指す内容と文脈が一致することを確認済み。(2)独立経路の裏付け・年度推移 環境省「市町村におけるリチウム蓄電池等の適正処理に関する方針と対策の通知について」(2025年9月) https://lithium.env.go.jp/recycle/waste/lithium_1/pdf/02_setsumeikai_file.pdf 発煙・発火を含む全件数＝令和元年度9,732件／令和2年度12,765件／令和3年度11,140件／令和4年度16,517件／令和5年度21,751件。出火・消火のみ＝令和元年度5,601件／令和2年度4,575件／令和3年度1,723件／令和4年度4,260件／令和5年度8,543件。＝令和5年度21,751→令和6年度23,068、8,543→9,923という接続が別文書で整合。(3)3経路目 環境省 環循適発第2504151号(令和7年4月15日 各都道府県一般廃棄物行政主管部局長宛) https://www.env.go.jp/content/000307249.pdf 原文「令和５年度には、全国の市町村において 8,543件発生しており深刻な課題となっている。」「廃棄物処理施設や収集運搬車両等において、リチウム蓄電池及びリチウム蓄電池を使用した製品に起因する火災事故等が頻繁に発生している。」＝8,543という数字と対象範囲が3文書目でも一致。(4)本文の「ハンディファンや光るおもちゃ」の根拠 上記(2)の発火原因になりやすい品目リスト原文「モバイルバッテリー、加熱式たばこ、コードレス掃除機、スマートフォン、電気かみそり、電動工具、ハンディファン、ロボット掃除機、電動式がん具、作業服用ファン、ワイヤレスイヤホン、タブレット等、電動マッサージ器、CD・DVDプレーヤー、パソコン、電動自転車」＝「光るおもちゃ」は電動式がん具、「ハンディファン」はそのまま記載がある。※未使用の種:総務省消防庁 廃棄物処理施設等で発生した充電式電池等を原因とする火災の実態 https://www.fdma.go.jp/singi_kento/kento/items/post-141/02/shiryou2.pdf ＝塵芥車の火災の品目内訳(モバイルバッテリー等10件・コードレス掃除機5件・ノートパソコン2件・電動アシスト自転車2件)と「全て不適当な廃棄が原因で出火したもの」という記述。4消防本部参画の小サンプルのため今回は本文・動画とも不使用、次回「消防の現場から見た内訳」として単独ネタにできる／令和元年度9,732→令和6年度23,068で約2.4倍という伸び／出火9,923件と発煙込み23,068件の差(＝発煙だけで止まっているものが1万3千件ある)という切り口／2026年度からのリチウム蓄電池回収の義務化の動き(制度の時事性が高く鮮度が切れるため単独ネタにはしない)。※1投稿1事実の原則により、本文・動画の核心は(1)の件数のみ。品目リストは本文末尾の色付けにのみ使い、動画のテロップには入れていない。※重要な回避事項:「こう捨てましょう」という助言は本文・動画とも一切していない(元投稿が手順の案内なので、そこに別の手順を重ねると否定・上書きになるため)。事実の紹介のみに留めた。医療・法律・金銭には触れていない。火災の被害・負傷者・責任の所在にも一切踏み込んでいない。※本日の候補プールは3セット回した。1セット目(豆知識/実は知らなかった/由来/衝撃/雑学/意外と知られてない系・286件)は上位が朝起きられない話(45,960/心身の話題のため回避)、MV再生数9000万回突破(36,672/広告色)、中村ゆりさん訃報(18,471/訃報)、美容施術(7,368/6,809/医療)、オレンジページのダイエー由来(5,055/JR東日本の売却という時事・企業の経営判断に触れるため見送り)、東京論(3,136/論争的)で全除外。2セット目(ずっと勘違い/名前の由来/語源/正式名称/知らんかった系・374件)は京都のインバウンド系(12,543/5,743)・政治デモ(8,533/3,266)・核兵器の呼称(6,918)など政治と外国人関連が上位を占め全除外、@masayan59896607 のケラ(4,969)は前夜の夜枠で使用済み。3セット目(初めて知った/これ知ってた/トリビア/理由がある/勘違いしてる人多い系・458件)で本件を採用。※次点として温存:@nagoya_kando「県外民が驚く名古屋の高速・出入口が右側」(3,462／道路構造として題材は良いが、右側出入口の理由を道路管理者の一次情報で確定できる見込みが立たず見送り。次回やるなら名古屋高速道路公社の公式資料に当たること)、@loveifievol「ピッピが踊る理由」(15,805／版権キャラのため今回も回避)、@NAGOYA_iJU「名古屋のエスカレーター歩行禁止条例」(7,481／条例ネタとして良質だが元投稿が「民度」の比較で、輸送力2倍という数値を検証すると元投稿の否定になるため見送り)。前回からの申し送り @kemedine「ウナコーワのウナはウナ電のウナ」(3,590/09-11)は医薬品ブランドに触れるため今回も見送り、@ndahoFischers「緑いはなぜ言わないのか」も未使用のまま温存継続。公開ポスト https://x.com/gude_aiai/status/2099971451134648795 (2026-09-16 06:19:44 JST公開・本文106字/全119字・加重227カウント・動画13.1s/720x1280/h264+aac/0.86MB(904,134バイト)/ナレーションあり・3ビート・face=neutral/surprise/flat・look=軽い回/数字・prop=count(23068件)・ハッシュタグ3つ[#雑学 #豆知識 #ごみ]・litterboxが500(BunkerWeb Internal Server Error)を返したため uguu.se 経由 https://n.uguu.se/LhUJweak.mp4 (HTTP200/video/mp4/904,134バイト・md5 c616478a971dcd252266849dbb04a254 が元ファイルと一致)・mode:shareNow が一発通過(createPost 時点で status=sent・Buffer post id 6aa9b66cfb184dbee3dcc38d・sentAt 2026-09-15T21:19:44.423Z)・syndication APIで user.screen_name=gude_aiai / mediaDetails=['video'] を実測確認・外部時計 google/api.buffer.com が秒単位一致で 2026-09-15 21:06:13 UTC、コンテナのdateともズレ無し・STEP0の台帳確認で当日(09-16 JST)の投稿は0件、直近は09-15 21:02 JSTの夜枠であることを確認してから実行・帯(06:35-07:45)の開始前だが規定どおり待たずに公開、うだっちの8/10/12/15/20/23時台とも重複なし)"
